Suite/Test/Step Name,Browser,Description,Start time,End time,Duration,Status
CuPa,Chrome 64.0.3282.186,,2018-03-05 16:03:31,2018-03-05 16:41:49,"38m - 18,517s",FAILED
,,,,,,
Test Cases/CuPaStefanie/0,Chrome 64.0.3282.186,,2018-03-05 16:03:31,2018-03-05 16:03:32,"0,266s",PASSED
Statement - timeStamp = new java.text.SimpleDateFormat(dd.MM.yyyy).format(java.util.Calendar.getInstance().getTime()),Chrome 64.0.3282.186,,2018-03-05 16:03:31,2018-03-05 16:03:31,"0,015s",PASSED
Statement - timeStampScreenshot = new java.text.SimpleDateFormat(dd.MM.yyyy).format(java.util.Calendar.getInstance().getTime()),Chrome 64.0.3282.186,,2018-03-05 16:03:31,2018-03-05 16:03:31,"0,001s",PASSED
Statement - ps = new java.io.PrintStream((((timeStamp + _Run) + run) + .txt)),Chrome 64.0.3282.186,,2018-03-05 16:03:31,2018-03-05 16:03:32,"0,005s",PASSED
,,,,,,
Test Cases/CuPaStefanie/1,Chrome 64.0.3282.186,,2018-03-05 16:03:32,2018-03-05 16:05:16,"1m - 44,559s",PASSED
Statement - timeStamp = new java.text.SimpleDateFormat(dd.MM.yyyy).format(java.util.Calendar.getInstance().getTime()),Chrome 64.0.3282.186,,2018-03-05 16:03:32,2018-03-05 16:03:32,"0,001s",PASSED
Statement - timeStampScreenshot = new java.text.SimpleDateFormat(dd.MM.yyyy).format(java.util.Calendar.getInstance().getTime()),Chrome 64.0.3282.186,,2018-03-05 16:03:32,2018-03-05 16:03:32,"0,002s",PASSED
Statement - iconmap = [:],Chrome 64.0.3282.186,,2018-03-05 16:03:32,2018-03-05 16:03:32,"0,001s",PASSED
Statement - txtmap = [:],Chrome 64.0.3282.186,,2018-03-05 16:03:32,2018-03-05 16:03:32,"0,000s",PASSED
Statement - signmap = [:],Chrome 64.0.3282.186,,2018-03-05 16:03:32,2018-03-05 16:03:32,"0,000s",PASSED
cupakeysDl.initStart.initialStart,Chrome 64.0.3282.186,,2018-03-05 16:03:32,2018-03-05 16:03:56,"24,478s",PASSED
Statement - (step++),Chrome 64.0.3282.186,,2018-03-05 16:03:56,2018-03-05 16:03:56,"0,000s",PASSED
cupakeysDl.color.changecolor,Chrome 64.0.3282.186,,2018-03-05 16:03:56,2018-03-05 16:04:02,"5,447s",PASSED
Statement - (step++),Chrome 64.0.3282.186,,2018-03-05 16:04:02,2018-03-05 16:04:02,"0,001s",PASSED
cupakeysDl.chngstruct.changestructure,Chrome 64.0.3282.186,,2018-03-05 16:04:02,2018-03-05 16:04:12,"10,604s",PASSED
Statement - (step++),Chrome 64.0.3282.186,,2018-03-05 16:04:12,2018-03-05 16:04:12,"0,001s",PASSED
cupakeysDl.sclstruct.scalestructure,Chrome 64.0.3282.186,,2018-03-05 16:04:12,2018-03-05 16:04:45,"32,248s",PASSED
Statement - (step++),Chrome 64.0.3282.186,,2018-03-05 16:04:45,2018-03-05 16:04:45,"0,000s",PASSED
"Statement - iconmap += CustomKeywords.cupakeysDl.iconad.iconadd(""unionjack"", LoadTimeCorrector, step, run, device, timeStamp, iconcount)",Chrome 64.0.3282.186,,2018-03-05 16:04:45,2018-03-05 16:04:51,"5,989s",PASSED
Statement - (step++),Chrome 64.0.3282.186,,2018-03-05 16:04:51,2018-03-05 16:04:51,"0,001s",PASSED
Statement - (iconcount++),Chrome 64.0.3282.186,,2018-03-05 16:04:51,2018-03-05 16:04:51,"0,000s",PASSED
cupakeysDl.iconres.iconresize,Chrome 64.0.3282.186,,2018-03-05 16:04:51,2018-03-05 16:05:08,"17,787s",PASSED
Statement - (step++),Chrome 64.0.3282.186,,2018-03-05 16:05:08,2018-03-05 16:05:08,"0,001s",PASSED
cupakeysDl.slink.svlink,Chrome 64.0.3282.186,,2018-03-05 16:05:08,2018-03-05 16:05:12,"4,168s",PASSED
cupakeysDl.endsession.finishsession,Chrome 64.0.3282.186,,2018-03-05 16:05:12,2018-03-05 16:05:16,"3,588s",PASSED
,,,,,,
Test Cases/CuPaStefanie/2,Chrome 64.0.3282.186,,2018-03-05 16:05:16,2018-03-05 16:06:28,"1m - 11,901s",PASSED
Statement - timeStamp = new java.text.SimpleDateFormat(dd.MM.yyyy).format(java.util.Calendar.getInstance().getTime()),Chrome 64.0.3282.186,,2018-03-05 16:05:16,2018-03-05 16:05:16,"0,000s",PASSED
Statement - timeStampScreenshot = new java.text.SimpleDateFormat(dd.MM.yyyy).format(java.util.Calendar.getInstance().getTime()),Chrome 64.0.3282.186,,2018-03-05 16:05:16,2018-03-05 16:05:16,"0,000s",PASSED
Statement - iconmap = [:],Chrome 64.0.3282.186,,2018-03-05 16:05:16,2018-03-05 16:05:16,"0,000s",PASSED
Statement - txtmap = [:],Chrome 64.0.3282.186,,2018-03-05 16:05:16,2018-03-05 16:05:16,"0,000s",PASSED
Statement - signmap = [:],Chrome 64.0.3282.186,,2018-03-05 16:05:16,2018-03-05 16:05:16,"0,000s",PASSED
cupakeysDl.initStart.initialStart,Chrome 64.0.3282.186,,2018-03-05 16:05:16,2018-03-05 16:05:46,"29,303s",PASSED
Statement - (step++),Chrome 64.0.3282.186,,2018-03-05 16:05:46,2018-03-05 16:05:46,"0,001s",PASSED
cupakeysDl.color.changecolor,Chrome 64.0.3282.186,,2018-03-05 16:05:46,2018-03-05 16:05:50,"4,532s",PASSED
Statement - (step++),Chrome 64.0.3282.186,,2018-03-05 16:05:50,2018-03-05 16:05:50,"0,001s",PASSED
cupakeysDl.chngstruct.changestructure,Chrome 64.0.3282.186,,2018-03-05 16:05:50,2018-03-05 16:06:00,"9,488s",PASSED
Statement - (step++),Chrome 64.0.3282.186,,2018-03-05 16:06:00,2018-03-05 16:06:00,"0,000s",PASSED
cupakeysDl.sclstruct.scalestructure,Chrome 64.0.3282.186,,2018-03-05 16:06:00,2018-03-05 16:06:10,"10,867s",PASSED
Statement - (step++),Chrome 64.0.3282.186,,2018-03-05 16:06:10,2018-03-05 16:06:10,"0,001s",PASSED
"Statement - iconmap += CustomKeywords.cupakeysDl.iconad.iconadd(""unionjack"", LoadTimeCorrector, step, run, device, timeStamp, iconcount)",Chrome 64.0.3282.186,,2018-03-05 16:06:10,2018-03-05 16:06:16,"5,555s",PASSED
Statement - (step++),Chrome 64.0.3282.186,,2018-03-05 16:06:16,2018-03-05 16:06:16,"0,001s",PASSED
Statement - (iconcount++),Chrome 64.0.3282.186,,2018-03-05 16:06:16,2018-03-05 16:06:16,"0,000s",PASSED
cupakeysDl.iconres.iconresize,Chrome 64.0.3282.186,,2018-03-05 16:06:16,2018-03-05 16:06:20,"4,090s",PASSED
Statement - (step++),Chrome 64.0.3282.186,,2018-03-05 16:06:20,2018-03-05 16:06:20,"0,000s",PASSED
cupakeysDl.slink.svlink,Chrome 64.0.3282.186,,2018-03-05 16:06:20,2018-03-05 16:06:24,"4,257s",PASSED
cupakeysDl.endsession.finishsession,Chrome 64.0.3282.186,,2018-03-05 16:06:24,2018-03-05 16:06:28,"3,581s",PASSED
,,,,,,
Test Cases/CuPaStefanie/3,Chrome 64.0.3282.186,,2018-03-05 16:06:28,2018-03-05 16:07:18,"50,094s",PASSED
Statement - timeStamp = new java.text.SimpleDateFormat(dd.MM.yyyy_HH_mm_ss).format(java.util.Calendar.getInstance().getTime()),Chrome 64.0.3282.186,,2018-03-05 16:06:28,2018-03-05 16:06:28,"0,001s",PASSED
Statement - timeStampScreenshot = new java.text.SimpleDateFormat(dd.MM.yyyy).format(java.util.Calendar.getInstance().getTime()),Chrome 64.0.3282.186,,2018-03-05 16:06:28,2018-03-05 16:06:28,"0,000s",PASSED
Statement - iconmap = [:],Chrome 64.0.3282.186,,2018-03-05 16:06:28,2018-03-05 16:06:28,"0,000s",PASSED
Statement - txtmap = [:],Chrome 64.0.3282.186,,2018-03-05 16:06:28,2018-03-05 16:06:28,"0,001s",PASSED
Statement - signmap = [:],Chrome 64.0.3282.186,,2018-03-05 16:06:28,2018-03-05 16:06:28,"0,000s",PASSED
cupakeysDl.initStart.initialStart,Chrome 64.0.3282.186,,2018-03-05 16:06:28,2018-03-05 16:06:43,"15,253s",PASSED
Statement - (step++),Chrome 64.0.3282.186,,2018-03-05 16:06:43,2018-03-05 16:06:43,"0,000s",PASSED
cupakeysDl.color.changecolor,Chrome 64.0.3282.186,,2018-03-05 16:06:43,2018-03-05 16:06:48,"4,541s",PASSED
Statement - (step++),Chrome 64.0.3282.186,,2018-03-05 16:06:48,2018-03-05 16:06:48,"0,001s",PASSED
cupakeysDl.chngstruct.changestructure,Chrome 64.0.3282.186,,2018-03-05 16:06:48,2018-03-05 16:06:53,"5,026s",PASSED
Statement - (step++),Chrome 64.0.3282.186,,2018-03-05 16:06:53,2018-03-05 16:06:53,"0,000s",PASSED
cupakeysDl.sclstruct.scalestructure,Chrome 64.0.3282.186,,2018-03-05 16:06:53,2018-03-05 16:07:01,"8,309s",PASSED
Statement - (step++),Chrome 64.0.3282.186,,2018-03-05 16:07:01,2018-03-05 16:07:01,"0,000s",PASSED
"Statement - iconmap += CustomKeywords.cupakeysDl.iconad.iconadd(""racing"", LoadTimeCorrector, step, run, device, timeStamp, iconcount)",Chrome 64.0.3282.186,,2018-03-05 16:07:01,2018-03-05 16:07:06,"5,137s",PASSED
Statement - (step++),Chrome 64.0.3282.186,,2018-03-05 16:07:06,2018-03-05 16:07:06,"0,000s",PASSED
Statement - (iconcount++),Chrome 64.0.3282.186,,2018-03-05 16:07:06,2018-03-05 16:07:06,"0,000s",PASSED
cupakeysDl.iconres.iconresize,Chrome 64.0.3282.186,,2018-03-05 16:07:06,2018-03-05 16:07:11,"4,281s",PASSED
Statement - (step++),Chrome 64.0.3282.186,,2018-03-05 16:07:11,2018-03-05 16:07:11,"0,000s",PASSED
cupakeysDl.slink.svlink,Chrome 64.0.3282.186,,2018-03-05 16:07:11,2018-03-05 16:07:14,"3,745s",PASSED
cupakeysDl.endsession.finishsession,Chrome 64.0.3282.186,,2018-03-05 16:07:14,2018-03-05 16:07:18,"3,579s",PASSED
,,,,,,
Test Cases/CuPaStefanie/4,Chrome 64.0.3282.186,,2018-03-05 16:07:18,2018-03-05 16:08:21,"1m - 3,187s",PASSED
Statement - timeStamp = new java.text.SimpleDateFormat(dd.MM.yyyy_HH_mm_ss).format(java.util.Calendar.getInstance().getTime()),Chrome 64.0.3282.186,,2018-03-05 16:07:18,2018-03-05 16:07:18,"0,000s",PASSED
Statement - timeStampScreenshot = new java.text.SimpleDateFormat(dd.MM.yyyy).format(java.util.Calendar.getInstance().getTime()),Chrome 64.0.3282.186,,2018-03-05 16:07:18,2018-03-05 16:07:18,"0,000s",PASSED
Statement - iconmap = [:],Chrome 64.0.3282.186,,2018-03-05 16:07:18,2018-03-05 16:07:18,"0,000s",PASSED
Statement - txtmap = [:],Chrome 64.0.3282.186,,2018-03-05 16:07:18,2018-03-05 16:07:18,"0,000s",PASSED
Statement - signmap = [:],Chrome 64.0.3282.186,,2018-03-05 16:07:18,2018-03-05 16:07:18,"0,000s",PASSED
cupakeysDl.initStart.initialStart,Chrome 64.0.3282.186,,2018-03-05 16:07:18,2018-03-05 16:07:47,"28,298s",PASSED
Statement - (step++),Chrome 64.0.3282.186,,2018-03-05 16:07:47,2018-03-05 16:07:47,"0,001s",PASSED
cupakeysDl.color.changecolor,Chrome 64.0.3282.186,,2018-03-05 16:07:47,2018-03-05 16:07:52,"5,566s",PASSED
Statement - (step++),Chrome 64.0.3282.186,,2018-03-05 16:07:52,2018-03-05 16:07:52,"0,000s",PASSED
cupakeysDl.chngstruct.changestructure,Chrome 64.0.3282.186,,2018-03-05 16:07:52,2018-03-05 16:07:57,"5,161s",PASSED
Statement - (step++),Chrome 64.0.3282.186,,2018-03-05 16:07:57,2018-03-05 16:07:57,"0,001s",PASSED
cupakeysDl.sclstruct.scalestructure,Chrome 64.0.3282.186,,2018-03-05 16:07:57,2018-03-05 16:08:05,"7,694s",PASSED
Statement - (step++),Chrome 64.0.3282.186,,2018-03-05 16:08:05,2018-03-05 16:08:05,"0,000s",PASSED
"Statement - iconmap += CustomKeywords.cupakeysDl.iconad.iconadd(""racing"", LoadTimeCorrector, step, run, device, timeStamp, iconcount)",Chrome 64.0.3282.186,,2018-03-05 16:08:05,2018-03-05 16:08:10,"4,997s",PASSED
Statement - (step++),Chrome 64.0.3282.186,,2018-03-05 16:08:10,2018-03-05 16:08:10,"0,000s",PASSED
Statement - (iconcount++),Chrome 64.0.3282.186,,2018-03-05 16:08:10,2018-03-05 16:08:10,"0,000s",PASSED
cupakeysDl.iconres.iconresize,Chrome 64.0.3282.186,,2018-03-05 16:08:10,2018-03-05 16:08:14,"3,541s",PASSED
Statement - (step++),Chrome 64.0.3282.186,,2018-03-05 16:08:14,2018-03-05 16:08:14,"0,001s",PASSED
cupakeysDl.slink.svlink,Chrome 64.0.3282.186,,2018-03-05 16:08:14,2018-03-05 16:08:18,"4,117s",PASSED
cupakeysDl.endsession.finishsession,Chrome 64.0.3282.186,,2018-03-05 16:08:18,2018-03-05 16:08:21,"3,601s",PASSED
,,,,,,
Test Cases/CuPaStefanie/5,Chrome 64.0.3282.186,,2018-03-05 16:08:21,2018-03-05 16:09:23,"1m - 2,197s",PASSED
Statement - timeStamp = new java.text.SimpleDateFormat(dd.MM.yyyy_HH_mm_ss).format(java.util.Calendar.getInstance().getTime()),Chrome 64.0.3282.186,,2018-03-05 16:08:21,2018-03-05 16:08:21,"0,001s",PASSED
Statement - timeStampScreenshot = new java.text.SimpleDateFormat(dd.MM.yyyy).format(java.util.Calendar.getInstance().getTime()),Chrome 64.0.3282.186,,2018-03-05 16:08:21,2018-03-05 16:08:21,"0,000s",PASSED
Statement - iconmap = [:],Chrome 64.0.3282.186,,2018-03-05 16:08:21,2018-03-05 16:08:21,"0,000s",PASSED
Statement - txtmap = [:],Chrome 64.0.3282.186,,2018-03-05 16:08:21,2018-03-05 16:08:21,"0,000s",PASSED
Statement - signmap = [:],Chrome 64.0.3282.186,,2018-03-05 16:08:21,2018-03-05 16:08:21,"0,001s",PASSED
cupakeysDl.initStart.initialStart,Chrome 64.0.3282.186,,2018-03-05 16:08:21,2018-03-05 16:08:37,"15,374s",PASSED
Statement - (step++),Chrome 64.0.3282.186,,2018-03-05 16:08:37,2018-03-05 16:08:37,"0,000s",PASSED
cupakeysDl.color.changecolor,Chrome 64.0.3282.186,,2018-03-05 16:08:37,2018-03-05 16:08:41,"4,478s",PASSED
Statement - (step++),Chrome 64.0.3282.186,,2018-03-05 16:08:41,2018-03-05 16:08:41,"0,000s",PASSED
cupakeysDl.chngstruct.changestructure,Chrome 64.0.3282.186,,2018-03-05 16:08:41,2018-03-05 16:08:49,"7,445s",PASSED
Statement - (step++),Chrome 64.0.3282.186,,2018-03-05 16:08:49,2018-03-05 16:08:49,"0,000s",PASSED
cupakeysDl.sclstruct.scalestructure,Chrome 64.0.3282.186,,2018-03-05 16:08:49,2018-03-05 16:09:00,"11,248s",PASSED
Statement - (step++),Chrome 64.0.3282.186,,2018-03-05 16:09:00,2018-03-05 16:09:00,"0,000s",PASSED
"Statement - iconmap += CustomKeywords.cupakeysDl.iconad.iconadd(""compass"", LoadTimeCorrector, step, run, device, timeStamp, iconcount)",Chrome 64.0.3282.186,,2018-03-05 16:09:00,2018-03-05 16:09:08,"8,290s",PASSED
Statement - (step++),Chrome 64.0.3282.186,,2018-03-05 16:09:08,2018-03-05 16:09:08,"0,001s",PASSED
Statement - (iconcount++),Chrome 64.0.3282.186,,2018-03-05 16:09:08,2018-03-05 16:09:08,"0,000s",PASSED
cupakeysDl.iconres.iconresize,Chrome 64.0.3282.186,,2018-03-05 16:09:08,2018-03-05 16:09:16,"7,521s",PASSED
Statement - (step++),Chrome 64.0.3282.186,,2018-03-05 16:09:16,2018-03-05 16:09:16,"0,000s",PASSED
cupakeysDl.slink.svlink,Chrome 64.0.3282.186,,2018-03-05 16:09:16,2018-03-05 16:09:20,"4,143s",PASSED
cupakeysDl.endsession.finishsession,Chrome 64.0.3282.186,,2018-03-05 16:09:20,2018-03-05 16:09:23,"3,566s",PASSED
,,,,,,
Test Cases/CuPaStefanie/6,Chrome 64.0.3282.186,,2018-03-05 16:09:23,2018-03-05 16:10:52,"1m - 28,247s",PASSED
Statement - timeStamp = new java.text.SimpleDateFormat(dd.MM.yyyy_HH_mm_ss).format(java.util.Calendar.getInstance().getTime()),Chrome 64.0.3282.186,,2018-03-05 16:09:24,2018-03-05 16:09:24,"0,000s",PASSED
Statement - timeStampScreenshot = new java.text.SimpleDateFormat(dd.MM.yyyy).format(java.util.Calendar.getInstance().getTime()),Chrome 64.0.3282.186,,2018-03-05 16:09:24,2018-03-05 16:09:24,"0,001s",PASSED
Statement - iconmap = [:],Chrome 64.0.3282.186,,2018-03-05 16:09:24,2018-03-05 16:09:24,"0,000s",PASSED
Statement - txtmap = [:],Chrome 64.0.3282.186,,2018-03-05 16:09:24,2018-03-05 16:09:24,"0,000s",PASSED
Statement - signmap = [:],Chrome 64.0.3282.186,,2018-03-05 16:09:24,2018-03-05 16:09:24,"0,000s",PASSED
cupakeysDl.initStart.initialStart,Chrome 64.0.3282.186,,2018-03-05 16:09:24,2018-03-05 16:10:09,"44,940s",PASSED
Statement - (step++),Chrome 64.0.3282.186,,2018-03-05 16:10:09,2018-03-05 16:10:09,"0,000s",PASSED
cupakeysDl.color.changecolor,Chrome 64.0.3282.186,,2018-03-05 16:10:09,2018-03-05 16:10:13,"4,544s",PASSED
Statement - (step++),Chrome 64.0.3282.186,,2018-03-05 16:10:13,2018-03-05 16:10:13,"0,000s",PASSED
cupakeysDl.chngstruct.changestructure,Chrome 64.0.3282.186,,2018-03-05 16:10:13,2018-03-05 16:10:21,"7,858s",PASSED
Statement - (step++),Chrome 64.0.3282.186,,2018-03-05 16:10:21,2018-03-05 16:10:21,"0,000s",PASSED
cupakeysDl.sclstruct.scalestructure,Chrome 64.0.3282.186,,2018-03-05 16:10:21,2018-03-05 16:10:31,"9,970s",PASSED
Statement - (step++),Chrome 64.0.3282.186,,2018-03-05 16:10:31,2018-03-05 16:10:31,"0,000s",PASSED
"Statement - iconmap += CustomKeywords.cupakeysDl.iconad.iconadd(""compass"", LoadTimeCorrector, step, run, device, timeStamp, iconcount)",Chrome 64.0.3282.186,,2018-03-05 16:10:31,2018-03-05 16:10:38,"7,285s",PASSED
Statement - (step++),Chrome 64.0.3282.186,,2018-03-05 16:10:38,2018-03-05 16:10:38,"0,001s",PASSED
Statement - (iconcount++),Chrome 64.0.3282.186,,2018-03-05 16:10:38,2018-03-05 16:10:38,"0,000s",PASSED
cupakeysDl.iconres.iconresize,Chrome 64.0.3282.186,,2018-03-05 16:10:38,2018-03-05 16:10:44,"5,623s",PASSED
Statement - (step++),Chrome 64.0.3282.186,,2018-03-05 16:10:44,2018-03-05 16:10:44,"0,001s",PASSED
cupakeysDl.slink.svlink,Chrome 64.0.3282.186,,2018-03-05 16:10:44,2018-03-05 16:10:48,"4,301s",PASSED
cupakeysDl.endsession.finishsession,Chrome 64.0.3282.186,,2018-03-05 16:10:48,2018-03-05 16:10:52,"3,579s",PASSED
,,,,,,
Test Cases/CuPaStefanie/7,Chrome 64.0.3282.186,,2018-03-05 16:10:52,2018-03-05 16:13:05,"2m - 13,086s",PASSED
Statement - timeStamp = new java.text.SimpleDateFormat(dd.MM.yyyy_HH_mm_ss).format(java.util.Calendar.getInstance().getTime()),Chrome 64.0.3282.186,,2018-03-05 16:10:52,2018-03-05 16:10:52,"0,001s",PASSED
Statement - timeStampScreenshot = new java.text.SimpleDateFormat(dd.MM.yyyy).format(java.util.Calendar.getInstance().getTime()),Chrome 64.0.3282.186,,2018-03-05 16:10:52,2018-03-05 16:10:52,"0,001s",PASSED
Statement - iconmap = [:],Chrome 64.0.3282.186,,2018-03-05 16:10:52,2018-03-05 16:10:52,"0,001s",PASSED
Statement - txtmap = [:],Chrome 64.0.3282.186,,2018-03-05 16:10:52,2018-03-05 16:10:52,"0,000s",PASSED
Statement - signmap = [:],Chrome 64.0.3282.186,,2018-03-05 16:10:52,2018-03-05 16:10:52,"0,000s",PASSED
cupakeysDl.initStart.initialStart,Chrome 64.0.3282.186,,2018-03-05 16:10:52,2018-03-05 16:11:09,"17,237s",PASSED
Statement - (step++),Chrome 64.0.3282.186,,2018-03-05 16:11:09,2018-03-05 16:11:09,"0,000s",PASSED
cupakeysDl.color.changecolor,Chrome 64.0.3282.186,,2018-03-05 16:11:09,2018-03-05 16:11:15,"5,774s",PASSED
Statement - (step++),Chrome 64.0.3282.186,,2018-03-05 16:11:15,2018-03-05 16:11:15,"0,000s",PASSED
cupakeysDl.chngstruct.changestructure,Chrome 64.0.3282.186,,2018-03-05 16:11:15,2018-03-05 16:11:29,"13,631s",PASSED
Statement - (step++),Chrome 64.0.3282.186,,2018-03-05 16:11:29,2018-03-05 16:11:29,"0,000s",PASSED
cupakeysDl.sclstruct.scalestructure,Chrome 64.0.3282.186,,2018-03-05 16:11:29,2018-03-05 16:12:00,"31,039s",PASSED
Statement - (step++),Chrome 64.0.3282.186,,2018-03-05 16:12:00,2018-03-05 16:12:00,"0,000s",PASSED
"Statement - iconmap += CustomKeywords.cupakeysDl.iconad.iconadd(""pin"", LoadTimeCorrector, step, run, device, timeStamp, iconcount)",Chrome 64.0.3282.186,,2018-03-05 16:12:00,2018-03-05 16:12:28,"28,045s",PASSED
Statement - (step++),Chrome 64.0.3282.186,,2018-03-05 16:12:28,2018-03-05 16:12:28,"0,000s",PASSED
Statement - (iconcount++),Chrome 64.0.3282.186,,2018-03-05 16:12:28,2018-03-05 16:12:28,"0,000s",PASSED
cupakeysDl.iconres.iconresize,Chrome 64.0.3282.186,,2018-03-05 16:12:28,2018-03-05 16:12:57,"28,910s",PASSED
Statement - (step++),Chrome 64.0.3282.186,,2018-03-05 16:12:57,2018-03-05 16:12:57,"0,000s",PASSED
cupakeysDl.slink.svlink,Chrome 64.0.3282.186,,2018-03-05 16:12:57,2018-03-05 16:13:01,"4,714s",PASSED
cupakeysDl.endsession.finishsession,Chrome 64.0.3282.186,,2018-03-05 16:13:01,2018-03-05 16:13:05,"3,568s",PASSED
,,,,,,
Test Cases/CuPaStefanie/8,Chrome 64.0.3282.186,,2018-03-05 16:13:05,2018-03-05 16:14:25,"1m - 19,720s",PASSED
Statement - timeStamp = new java.text.SimpleDateFormat(dd.MM.yyyy_HH_mm_ss).format(java.util.Calendar.getInstance().getTime()),Chrome 64.0.3282.186,,2018-03-05 16:13:05,2018-03-05 16:13:05,"0,000s",PASSED
Statement - timeStampScreenshot = new java.text.SimpleDateFormat(dd.MM.yyyy).format(java.util.Calendar.getInstance().getTime()),Chrome 64.0.3282.186,,2018-03-05 16:13:05,2018-03-05 16:13:05,"0,001s",PASSED
Statement - iconmap = [:],Chrome 64.0.3282.186,,2018-03-05 16:13:05,2018-03-05 16:13:05,"0,000s",PASSED
Statement - txtmap = [:],Chrome 64.0.3282.186,,2018-03-05 16:13:05,2018-03-05 16:13:05,"0,000s",PASSED
Statement - signmap = [:],Chrome 64.0.3282.186,,2018-03-05 16:13:05,2018-03-05 16:13:05,"0,000s",PASSED
cupakeysDl.initStart.initialStart,Chrome 64.0.3282.186,,2018-03-05 16:13:05,2018-03-05 16:13:23,"17,769s",PASSED
Statement - (step++),Chrome 64.0.3282.186,,2018-03-05 16:13:23,2018-03-05 16:13:23,"0,000s",PASSED
cupakeysDl.color.changecolor,Chrome 64.0.3282.186,,2018-03-05 16:13:23,2018-03-05 16:13:28,"5,023s",PASSED
Statement - (step++),Chrome 64.0.3282.186,,2018-03-05 16:13:28,2018-03-05 16:13:28,"0,000s",PASSED
cupakeysDl.chngstruct.changestructure,Chrome 64.0.3282.186,,2018-03-05 16:13:28,2018-03-05 16:13:41,"13,375s",PASSED
Statement - (step++),Chrome 64.0.3282.186,,2018-03-05 16:13:41,2018-03-05 16:13:41,"0,001s",PASSED
cupakeysDl.sclstruct.scalestructure,Chrome 64.0.3282.186,,2018-03-05 16:13:41,2018-03-05 16:13:54,"13,169s",PASSED
Statement - (step++),Chrome 64.0.3282.186,,2018-03-05 16:13:54,2018-03-05 16:13:54,"0,001s",PASSED
"Statement - iconmap += CustomKeywords.cupakeysDl.iconad.iconadd(""pin"", LoadTimeCorrector, step, run, device, timeStamp, iconcount)",Chrome 64.0.3282.186,,2018-03-05 16:13:54,2018-03-05 16:14:06,"11,811s",PASSED
Statement - (step++),Chrome 64.0.3282.186,,2018-03-05 16:14:06,2018-03-05 16:14:06,"0,000s",PASSED
Statement - (iconcount++),Chrome 64.0.3282.186,,2018-03-05 16:14:06,2018-03-05 16:14:06,"0,000s",PASSED
cupakeysDl.iconres.iconresize,Chrome 64.0.3282.186,,2018-03-05 16:14:06,2018-03-05 16:14:17,"10,775s",PASSED
Statement - (step++),Chrome 64.0.3282.186,,2018-03-05 16:14:17,2018-03-05 16:14:17,"0,000s",PASSED
cupakeysDl.slink.svlink,Chrome 64.0.3282.186,,2018-03-05 16:14:17,2018-03-05 16:14:21,"4,051s",PASSED
cupakeysDl.endsession.finishsession,Chrome 64.0.3282.186,,2018-03-05 16:14:21,2018-03-05 16:14:25,"3,618s",PASSED
,,,,,,
Test Cases/CuPaStefanie/9,Chrome 64.0.3282.186,,2018-03-05 16:14:25,2018-03-05 16:15:34,"1m - 8,993s",PASSED
Statement - timeStamp = new java.text.SimpleDateFormat(dd.MM.yyyy_HH_mm_ss).format(java.util.Calendar.getInstance().getTime()),Chrome 64.0.3282.186,,2018-03-05 16:14:25,2018-03-05 16:14:25,"0,001s",PASSED
Statement - timeStampScreenshot = new java.text.SimpleDateFormat(dd.MM.yyyy).format(java.util.Calendar.getInstance().getTime()),Chrome 64.0.3282.186,,2018-03-05 16:14:25,2018-03-05 16:14:25,"0,000s",PASSED
Statement - iconmap = [:],Chrome 64.0.3282.186,,2018-03-05 16:14:25,2018-03-05 16:14:25,"0,000s",PASSED
Statement - txtmap = [:],Chrome 64.0.3282.186,,2018-03-05 16:14:25,2018-03-05 16:14:25,"0,000s",PASSED
Statement - signmap = [:],Chrome 64.0.3282.186,,2018-03-05 16:14:25,2018-03-05 16:14:25,"0,000s",PASSED
cupakeysDl.initStart.initialStart,Chrome 64.0.3282.186,,2018-03-05 16:14:25,2018-03-05 16:14:40,"14,849s",PASSED
Statement - (step++),Chrome 64.0.3282.186,,2018-03-05 16:14:40,2018-03-05 16:14:40,"0,000s",PASSED
cupakeysDl.color.changecolor,Chrome 64.0.3282.186,,2018-03-05 16:14:40,2018-03-05 16:14:44,"4,423s",PASSED
Statement - (step++),Chrome 64.0.3282.186,,2018-03-05 16:14:44,2018-03-05 16:14:44,"0,000s",PASSED
cupakeysDl.chngstruct.changestructure,Chrome 64.0.3282.186,,2018-03-05 16:14:44,2018-03-05 16:14:52,"7,801s",PASSED
Statement - (step++),Chrome 64.0.3282.186,,2018-03-05 16:14:52,2018-03-05 16:14:52,"0,000s",PASSED
cupakeysDl.sclstruct.scalestructure,Chrome 64.0.3282.186,,2018-03-05 16:14:52,2018-03-05 16:15:04,"12,264s",PASSED
Statement - (step++),Chrome 64.0.3282.186,,2018-03-05 16:15:04,2018-03-05 16:15:04,"0,001s",PASSED
"Statement - iconmap += CustomKeywords.cupakeysDl.iconad.iconadd(""paperplane"", LoadTimeCorrector, step, run, device, timeStamp, iconcount)",Chrome 64.0.3282.186,,2018-03-05 16:15:04,2018-03-05 16:15:18,"14,183s",PASSED
Statement - (step++),Chrome 64.0.3282.186,,2018-03-05 16:15:18,2018-03-05 16:15:18,"0,000s",PASSED
Statement - (iconcount++),Chrome 64.0.3282.186,,2018-03-05 16:15:18,2018-03-05 16:15:18,"0,000s",PASSED
cupakeysDl.iconres.iconresize,Chrome 64.0.3282.186,,2018-03-05 16:15:18,2018-03-05 16:15:26,"7,603s",PASSED
Statement - (step++),Chrome 64.0.3282.186,,2018-03-05 16:15:26,2018-03-05 16:15:26,"0,000s",PASSED
cupakeysDl.slink.svlink,Chrome 64.0.3282.186,,2018-03-05 16:15:26,2018-03-05 16:15:30,"4,118s",PASSED
cupakeysDl.endsession.finishsession,Chrome 64.0.3282.186,,2018-03-05 16:15:30,2018-03-05 16:15:34,"3,588s",PASSED
,,,,,,
Test Cases/CuPaStefanie/10,Chrome 64.0.3282.186,,2018-03-05 16:15:34,2018-03-05 16:16:33,"59,414s",PASSED
Statement - timeStamp = new java.text.SimpleDateFormat(dd.MM.yyyy_HH_mm_ss).format(java.util.Calendar.getInstance().getTime()),Chrome 64.0.3282.186,,2018-03-05 16:15:34,2018-03-05 16:15:34,"0,001s",PASSED
Statement - timeStampScreenshot = new java.text.SimpleDateFormat(dd.MM.yyyy).format(java.util.Calendar.getInstance().getTime()),Chrome 64.0.3282.186,,2018-03-05 16:15:34,2018-03-05 16:15:34,"0,000s",PASSED
Statement - ps = new java.io.PrintStream((((timeStamp + _Run) + run) + .txt)),Chrome 64.0.3282.186,,2018-03-05 16:15:34,2018-03-05 16:15:34,"0,001s",PASSED
Statement - iconmap = [:],Chrome 64.0.3282.186,,2018-03-05 16:15:34,2018-03-05 16:15:34,"0,000s",PASSED
Statement - txtmap = [:],Chrome 64.0.3282.186,,2018-03-05 16:15:34,2018-03-05 16:15:34,"0,000s",PASSED
Statement - signmap = [:],Chrome 64.0.3282.186,,2018-03-05 16:15:34,2018-03-05 16:15:34,"0,000s",PASSED
cupakeysDl.initStart.initialStart,Chrome 64.0.3282.186,,2018-03-05 16:15:34,2018-03-05 16:15:49,"14,900s",PASSED
Statement - (step++),Chrome 64.0.3282.186,,2018-03-05 16:15:49,2018-03-05 16:15:49,"0,000s",PASSED
cupakeysDl.color.changecolor,Chrome 64.0.3282.186,,2018-03-05 16:15:49,2018-03-05 16:15:54,"5,441s",PASSED
Statement - (step++),Chrome 64.0.3282.186,,2018-03-05 16:15:54,2018-03-05 16:15:54,"0,000s",PASSED
cupakeysDl.chngstruct.changestructure,Chrome 64.0.3282.186,,2018-03-05 16:15:54,2018-03-05 16:16:02,"8,337s",PASSED
Statement - (step++),Chrome 64.0.3282.186,,2018-03-05 16:16:02,2018-03-05 16:16:02,"0,000s",PASSED
cupakeysDl.sclstruct.scalestructure,Chrome 64.0.3282.186,,2018-03-05 16:16:02,2018-03-05 16:16:12,"9,940s",PASSED
Statement - (step++),Chrome 64.0.3282.186,,2018-03-05 16:16:12,2018-03-05 16:16:12,"0,001s",PASSED
"Statement - iconmap += CustomKeywords.cupakeysDl.iconad.iconadd(""paperplane"", LoadTimeCorrector, step, run, device, timeStamp, iconcount)",Chrome 64.0.3282.186,,2018-03-05 16:16:12,2018-03-05 16:16:19,"6,784s",PASSED
Statement - (step++),Chrome 64.0.3282.186,,2018-03-05 16:16:19,2018-03-05 16:16:19,"0,001s",PASSED
Statement - (iconcount++),Chrome 64.0.3282.186,,2018-03-05 16:16:19,2018-03-05 16:16:19,"0,001s",PASSED
cupakeysDl.iconres.iconresize,Chrome 64.0.3282.186,,2018-03-05 16:16:19,2018-03-05 16:16:25,"5,725s",PASSED
Statement - (step++),Chrome 64.0.3282.186,,2018-03-05 16:16:25,2018-03-05 16:16:25,"0,000s",PASSED
cupakeysDl.slink.svlink,Chrome 64.0.3282.186,,2018-03-05 16:16:25,2018-03-05 16:16:29,"4,549s",PASSED
cupakeysDl.endsession.finishsession,Chrome 64.0.3282.186,,2018-03-05 16:16:29,2018-03-05 16:16:33,"3,589s",PASSED
,,,,,,
Test Cases/CuPaStefanie/11,Chrome 64.0.3282.186,,2018-03-05 16:16:33,2018-03-05 16:17:21,"48,020s",PASSED
Statement - timeStamp = new java.text.SimpleDateFormat(dd.MM.yyyy_HH_mm_ss).format(java.util.Calendar.getInstance().getTime()),Chrome 64.0.3282.186,,2018-03-05 16:16:33,2018-03-05 16:16:33,"0,000s",PASSED
Statement - timeStampScreenshot = new java.text.SimpleDateFormat(dd.MM.yyyy).format(java.util.Calendar.getInstance().getTime()),Chrome 64.0.3282.186,,2018-03-05 16:16:33,2018-03-05 16:16:33,"0,000s",PASSED
Statement - iconmap = [:],Chrome 64.0.3282.186,,2018-03-05 16:16:33,2018-03-05 16:16:33,"0,000s",PASSED
Statement - txtmap = [:],Chrome 64.0.3282.186,,2018-03-05 16:16:33,2018-03-05 16:16:33,"0,000s",PASSED
Statement - signmap = [:],Chrome 64.0.3282.186,,2018-03-05 16:16:33,2018-03-05 16:16:33,"0,000s",PASSED
cupakeysDl.initStart.initialStart,Chrome 64.0.3282.186,,2018-03-05 16:16:33,2018-03-05 16:16:48,"14,852s",PASSED
Statement - (step++),Chrome 64.0.3282.186,,2018-03-05 16:16:48,2018-03-05 16:16:48,"0,001s",PASSED
cupakeysDl.color.changecolor,Chrome 64.0.3282.186,,2018-03-05 16:16:48,2018-03-05 16:16:52,"4,413s",PASSED
Statement - (step++),Chrome 64.0.3282.186,,2018-03-05 16:16:52,2018-03-05 16:16:52,"0,001s",PASSED
cupakeysDl.chngstruct.changestructure,Chrome 64.0.3282.186,,2018-03-05 16:16:52,2018-03-05 16:16:57,"4,856s",PASSED
Statement - (step++),Chrome 64.0.3282.186,,2018-03-05 16:16:57,2018-03-05 16:16:57,"0,000s",PASSED
cupakeysDl.sclstruct.scalestructure,Chrome 64.0.3282.186,,2018-03-05 16:16:57,2018-03-05 16:17:05,"7,742s",PASSED
Statement - (step++),Chrome 64.0.3282.186,,2018-03-05 16:17:05,2018-03-05 16:17:05,"0,000s",PASSED
"Statement - iconmap += CustomKeywords.cupakeysDl.iconad.iconadd(""paperplaneline"", LoadTimeCorrector, step, run, device, timeStamp, iconcount)",Chrome 64.0.3282.186,,2018-03-05 16:17:05,2018-03-05 16:17:10,"4,904s",PASSED
Statement - (step++),Chrome 64.0.3282.186,,2018-03-05 16:17:10,2018-03-05 16:17:10,"0,001s",PASSED
Statement - (iconcount++),Chrome 64.0.3282.186,,2018-03-05 16:17:10,2018-03-05 16:17:10,"0,000s",PASSED
cupakeysDl.iconres.iconresize,Chrome 64.0.3282.186,,2018-03-05 16:17:10,2018-03-05 16:17:13,"3,515s",PASSED
Statement - (step++),Chrome 64.0.3282.186,,2018-03-05 16:17:13,2018-03-05 16:17:13,"0,000s",PASSED
cupakeysDl.slink.svlink,Chrome 64.0.3282.186,,2018-03-05 16:17:13,2018-03-05 16:17:17,"3,972s",PASSED
cupakeysDl.endsession.finishsession,Chrome 64.0.3282.186,,2018-03-05 16:17:17,2018-03-05 16:17:21,"3,599s",PASSED
,,,,,,
Test Cases/CuPaStefanie/12,Chrome 64.0.3282.186,,2018-03-05 16:17:21,2018-03-05 16:18:16,"54,713s",PASSED
Statement - timeStamp = new java.text.SimpleDateFormat(dd.MM.yyyy_HH_mm_ss).format(java.util.Calendar.getInstance().getTime()),Chrome 64.0.3282.186,,2018-03-05 16:17:21,2018-03-05 16:17:21,"0,001s",PASSED
Statement - timeStampScreenshot = new java.text.SimpleDateFormat(dd.MM.yyyy).format(java.util.Calendar.getInstance().getTime()),Chrome 64.0.3282.186,,2018-03-05 16:17:21,2018-03-05 16:17:21,"0,000s",PASSED
Statement - iconmap = [:],Chrome 64.0.3282.186,,2018-03-05 16:17:21,2018-03-05 16:17:21,"0,000s",PASSED
Statement - txtmap = [:],Chrome 64.0.3282.186,,2018-03-05 16:17:21,2018-03-05 16:17:21,"0,000s",PASSED
Statement - signmap = [:],Chrome 64.0.3282.186,,2018-03-05 16:17:21,2018-03-05 16:17:21,"0,000s",PASSED
cupakeysDl.initStart.initialStart,Chrome 64.0.3282.186,,2018-03-05 16:17:21,2018-03-05 16:17:40,"18,455s",PASSED
Statement - (step++),Chrome 64.0.3282.186,,2018-03-05 16:17:40,2018-03-05 16:17:40,"0,000s",PASSED
cupakeysDl.color.changecolor,Chrome 64.0.3282.186,,2018-03-05 16:17:40,2018-03-05 16:17:45,"5,463s",PASSED
Statement - (step++),Chrome 64.0.3282.186,,2018-03-05 16:17:45,2018-03-05 16:17:45,"0,000s",PASSED
cupakeysDl.chngstruct.changestructure,Chrome 64.0.3282.186,,2018-03-05 16:17:45,2018-03-05 16:17:50,"5,465s",PASSED
Statement - (step++),Chrome 64.0.3282.186,,2018-03-05 16:17:50,2018-03-05 16:17:50,"0,000s",PASSED
cupakeysDl.sclstruct.scalestructure,Chrome 64.0.3282.186,,2018-03-05 16:17:50,2018-03-05 16:17:59,"8,628s",PASSED
Statement - (step++),Chrome 64.0.3282.186,,2018-03-05 16:17:59,2018-03-05 16:17:59,"0,000s",PASSED
"Statement - iconmap += CustomKeywords.cupakeysDl.iconad.iconadd(""paperplaneline"", LoadTimeCorrector, step, run, device, timeStamp, iconcount)",Chrome 64.0.3282.186,,2018-03-05 16:17:59,2018-03-05 16:18:05,"5,826s",PASSED
Statement - (step++),Chrome 64.0.3282.186,,2018-03-05 16:18:05,2018-03-05 16:18:05,"0,001s",PASSED
Statement - (iconcount++),Chrome 64.0.3282.186,,2018-03-05 16:18:05,2018-03-05 16:18:05,"0,000s",PASSED
cupakeysDl.iconres.iconresize,Chrome 64.0.3282.186,,2018-03-05 16:18:05,2018-03-05 16:18:08,"3,419s",PASSED
Statement - (step++),Chrome 64.0.3282.186,,2018-03-05 16:18:08,2018-03-05 16:18:08,"0,000s",PASSED
cupakeysDl.slink.svlink,Chrome 64.0.3282.186,,2018-03-05 16:18:08,2018-03-05 16:18:12,"3,714s",PASSED
cupakeysDl.endsession.finishsession,Chrome 64.0.3282.186,,2018-03-05 16:18:12,2018-03-05 16:18:16,"3,601s",PASSED
,,,,,,
Test Cases/CuPaStefanie/13,Chrome 64.0.3282.186,,2018-03-05 16:18:16,2018-03-05 16:18:40,"23,989s",FAILED
Statement - timeStamp = new java.text.SimpleDateFormat(dd.MM.yyyy).format(java.util.Calendar.getInstance().getTime()),Chrome 64.0.3282.186,,2018-03-05 16:18:16,2018-03-05 16:18:16,"0,001s",PASSED
Statement - timeStampScreenshot = new java.text.SimpleDateFormat(dd.MM.yyyy).format(java.util.Calendar.getInstance().getTime()),Chrome 64.0.3282.186,,2018-03-05 16:18:16,2018-03-05 16:18:16,"0,000s",PASSED
Statement - iconmap = [:],Chrome 64.0.3282.186,,2018-03-05 16:18:16,2018-03-05 16:18:16,"0,000s",PASSED
Statement - txtmap = [:],Chrome 64.0.3282.186,,2018-03-05 16:18:16,2018-03-05 16:18:16,"0,000s",PASSED
Statement - signmap = [:],Chrome 64.0.3282.186,,2018-03-05 16:18:16,2018-03-05 16:18:16,"0,000s",PASSED
cupakeysDl.initStart.initialStart,Chrome 64.0.3282.186,,2018-03-05 16:18:16,2018-03-05 16:18:34,"18,194s",PASSED
Statement - (step++),Chrome 64.0.3282.186,,2018-03-05 16:18:34,2018-03-05 16:18:34,"0,000s",PASSED
cupakeysDl.color.changecolor,Chrome 64.0.3282.186,,2018-03-05 16:18:34,2018-03-05 16:18:38,"4,412s",PASSED
Statement - (step++),Chrome 64.0.3282.186,,2018-03-05 16:18:38,2018-03-05 16:18:38,"0,000s",PASSED
cupakeysDl.chngstruct.changestructure,Chrome 64.0.3282.186,,2018-03-05 16:18:38,2018-03-05 16:18:40,"1,233s",FAILED
,,,,,,
Test Cases/CuPaStefanie/14,Chrome 64.0.3282.186,,2018-03-05 16:18:40,2018-03-05 16:19:02,"22,501s",FAILED
Statement - timeStamp = new java.text.SimpleDateFormat(dd.MM.yyyy).format(java.util.Calendar.getInstance().getTime()),Chrome 64.0.3282.186,,2018-03-05 16:18:40,2018-03-05 16:18:40,"0,001s",PASSED
Statement - timeStampScreenshot = new java.text.SimpleDateFormat(dd.MM.yyyy).format(java.util.Calendar.getInstance().getTime()),Chrome 64.0.3282.186,,2018-03-05 16:18:40,2018-03-05 16:18:40,"0,000s",PASSED
Statement - iconmap = [:],Chrome 64.0.3282.186,,2018-03-05 16:18:40,2018-03-05 16:18:40,"0,000s",PASSED
Statement - txtmap = [:],Chrome 64.0.3282.186,,2018-03-05 16:18:40,2018-03-05 16:18:40,"0,000s",PASSED
Statement - signmap = [:],Chrome 64.0.3282.186,,2018-03-05 16:18:40,2018-03-05 16:18:40,"0,000s",PASSED
cupakeysDl.initStart.initialStart,Chrome 64.0.3282.186,,2018-03-05 16:18:40,2018-03-05 16:18:57,"16,760s",PASSED
Statement - (step++),Chrome 64.0.3282.186,,2018-03-05 16:18:57,2018-03-05 16:18:57,"0,000s",PASSED
cupakeysDl.color.changecolor,Chrome 64.0.3282.186,,2018-03-05 16:18:57,2018-03-05 16:19:01,"4,430s",PASSED
Statement - (step++),Chrome 64.0.3282.186,,2018-03-05 16:19:01,2018-03-05 16:19:01,"0,000s",PASSED
cupakeysDl.chngstruct.changestructure,Chrome 64.0.3282.186,,2018-03-05 16:19:01,2018-03-05 16:19:02,"1,188s",FAILED
,,,,,,
Test Cases/CuPaStefanie/15,Chrome 64.0.3282.186,,2018-03-05 16:19:02,2018-03-05 16:19:24,"21,931s",FAILED
Statement - timeStamp = new java.text.SimpleDateFormat(dd.MM.yyyy).format(java.util.Calendar.getInstance().getTime()),Chrome 64.0.3282.186,,2018-03-05 16:19:02,2018-03-05 16:19:02,"0,000s",PASSED
Statement - timeStampScreenshot = new java.text.SimpleDateFormat(dd.MM.yyyy).format(java.util.Calendar.getInstance().getTime()),Chrome 64.0.3282.186,,2018-03-05 16:19:02,2018-03-05 16:19:02,"0,000s",PASSED
Statement - iconmap = [:],Chrome 64.0.3282.186,,2018-03-05 16:19:02,2018-03-05 16:19:02,"0,000s",PASSED
Statement - txtmap = [:],Chrome 64.0.3282.186,,2018-03-05 16:19:02,2018-03-05 16:19:02,"0,000s",PASSED
Statement - signmap = [:],Chrome 64.0.3282.186,,2018-03-05 16:19:02,2018-03-05 16:19:02,"0,000s",PASSED
cupakeysDl.initStart.initialStart,Chrome 64.0.3282.186,,2018-03-05 16:19:02,2018-03-05 16:19:18,"16,182s",PASSED
Statement - (step++),Chrome 64.0.3282.186,,2018-03-05 16:19:18,2018-03-05 16:19:18,"0,001s",PASSED
cupakeysDl.color.changecolor,Chrome 64.0.3282.186,,2018-03-05 16:19:18,2018-03-05 16:19:23,"4,450s",PASSED
Statement - (step++),Chrome 64.0.3282.186,,2018-03-05 16:19:23,2018-03-05 16:19:23,"0,000s",PASSED
cupakeysDl.chngstruct.changestructure,Chrome 64.0.3282.186,,2018-03-05 16:19:23,2018-03-05 16:19:24,"1,182s",FAILED
,,,,,,
Test Cases/CuPaStefanie/16,Chrome 64.0.3282.186,,2018-03-05 16:19:24,2018-03-05 16:19:47,"23,392s",FAILED
Statement - timeStamp = new java.text.SimpleDateFormat(dd.MM.yyyy).format(java.util.Calendar.getInstance().getTime()),Chrome 64.0.3282.186,,2018-03-05 16:19:24,2018-03-05 16:19:24,"0,000s",PASSED
Statement - timeStampScreenshot = new java.text.SimpleDateFormat(dd.MM.yyyy).format(java.util.Calendar.getInstance().getTime()),Chrome 64.0.3282.186,,2018-03-05 16:19:24,2018-03-05 16:19:24,"0,000s",PASSED
Statement - iconmap = [:],Chrome 64.0.3282.186,,2018-03-05 16:19:24,2018-03-05 16:19:24,"0,001s",PASSED
Statement - txtmap = [:],Chrome 64.0.3282.186,,2018-03-05 16:19:24,2018-03-05 16:19:24,"0,000s",PASSED
Statement - signmap = [:],Chrome 64.0.3282.186,,2018-03-05 16:19:24,2018-03-05 16:19:24,"0,000s",PASSED
cupakeysDl.initStart.initialStart,Chrome 64.0.3282.186,,2018-03-05 16:19:24,2018-03-05 16:19:41,"16,615s",PASSED
Statement - (step++),Chrome 64.0.3282.186,,2018-03-05 16:19:41,2018-03-05 16:19:41,"0,000s",PASSED
cupakeysDl.color.changecolor,Chrome 64.0.3282.186,,2018-03-05 16:19:41,2018-03-05 16:19:46,"5,444s",PASSED
Statement - (step++),Chrome 64.0.3282.186,,2018-03-05 16:19:46,2018-03-05 16:19:46,"0,000s",PASSED
cupakeysDl.chngstruct.changestructure,Chrome 64.0.3282.186,,2018-03-05 16:19:46,2018-03-05 16:19:47,"1,217s",FAILED
,,,,,,
Test Cases/CuPaStefanie/17,Chrome 64.0.3282.186,,2018-03-05 16:19:47,2018-03-05 16:20:45,"57,016s",PASSED
Statement - timeStamp = new java.text.SimpleDateFormat(dd.MM.yyyy).format(java.util.Calendar.getInstance().getTime()),Chrome 64.0.3282.186,,2018-03-05 16:19:48,2018-03-05 16:19:48,"0,000s",PASSED
Statement - timeStampScreenshot = new java.text.SimpleDateFormat(dd.MM.yyyy).format(java.util.Calendar.getInstance().getTime()),Chrome 64.0.3282.186,,2018-03-05 16:19:48,2018-03-05 16:19:48,"0,000s",PASSED
Statement - iconmap = [:],Chrome 64.0.3282.186,,2018-03-05 16:19:48,2018-03-05 16:19:48,"0,000s",PASSED
Statement - txtmap = [:],Chrome 64.0.3282.186,,2018-03-05 16:19:48,2018-03-05 16:19:48,"0,000s",PASSED
Statement - signmap = [:],Chrome 64.0.3282.186,,2018-03-05 16:19:48,2018-03-05 16:19:48,"0,000s",PASSED
cupakeysDl.initStart.initialStart,Chrome 64.0.3282.186,,2018-03-05 16:19:48,2018-03-05 16:20:03,"15,434s",PASSED
Statement - (step++),Chrome 64.0.3282.186,,2018-03-05 16:20:03,2018-03-05 16:20:03,"0,001s",PASSED
cupakeysDl.color.changecolor,Chrome 64.0.3282.186,,2018-03-05 16:20:03,2018-03-05 16:20:07,"4,420s",PASSED
Statement - (step++),Chrome 64.0.3282.186,,2018-03-05 16:20:07,2018-03-05 16:20:07,"0,000s",PASSED
cupakeysDl.chngstruct.changestructure,Chrome 64.0.3282.186,,2018-03-05 16:20:07,2018-03-05 16:20:15,"7,190s",PASSED
Statement - (step++),Chrome 64.0.3282.186,,2018-03-05 16:20:15,2018-03-05 16:20:15,"0,000s",PASSED
cupakeysDl.sclstruct.scalestructure,Chrome 64.0.3282.186,,2018-03-05 16:20:15,2018-03-05 16:20:24,"9,823s",PASSED
Statement - (step++),Chrome 64.0.3282.186,,2018-03-05 16:20:24,2018-03-05 16:20:24,"0,000s",PASSED
"Statement - iconmap += CustomKeywords.cupakeysDl.iconad.iconadd(""laurelwreath"", LoadTimeCorrector, step, run, device, timeStamp, iconcount)",Chrome 64.0.3282.186,,2018-03-05 16:20:24,2018-03-05 16:20:31,"6,642s",PASSED
Statement - (step++),Chrome 64.0.3282.186,,2018-03-05 16:20:31,2018-03-05 16:20:31,"0,000s",PASSED
Statement - (iconcount++),Chrome 64.0.3282.186,,2018-03-05 16:20:31,2018-03-05 16:20:31,"0,001s",PASSED
cupakeysDl.iconres.iconresize,Chrome 64.0.3282.186,,2018-03-05 16:20:31,2018-03-05 16:20:37,"5,803s",PASSED
Statement - (step++),Chrome 64.0.3282.186,,2018-03-05 16:20:37,2018-03-05 16:20:37,"0,000s",PASSED
cupakeysDl.slink.svlink,Chrome 64.0.3282.186,,2018-03-05 16:20:37,2018-03-05 16:20:41,"4,031s",PASSED
cupakeysDl.endsession.finishsession,Chrome 64.0.3282.186,,2018-03-05 16:20:41,2018-03-05 16:20:45,"3,564s",PASSED
,,,,,,
Test Cases/CuPaStefanie/18,Chrome 64.0.3282.186,,2018-03-05 16:20:45,2018-03-05 16:21:42,"57,428s",PASSED
Statement - timeStamp = new java.text.SimpleDateFormat(dd.MM.yyyy).format(java.util.Calendar.getInstance().getTime()),Chrome 64.0.3282.186,,2018-03-05 16:20:45,2018-03-05 16:20:45,"0,001s",PASSED
Statement - timeStampScreenshot = new java.text.SimpleDateFormat(dd.MM.yyyy).format(java.util.Calendar.getInstance().getTime()),Chrome 64.0.3282.186,,2018-03-05 16:20:45,2018-03-05 16:20:45,"0,000s",PASSED
Statement - iconmap = [:],Chrome 64.0.3282.186,,2018-03-05 16:20:45,2018-03-05 16:20:45,"0,000s",PASSED
Statement - txtmap = [:],Chrome 64.0.3282.186,,2018-03-05 16:20:45,2018-03-05 16:20:45,"0,000s",PASSED
Statement - signmap = [:],Chrome 64.0.3282.186,,2018-03-05 16:20:45,2018-03-05 16:20:45,"0,000s",PASSED
cupakeysDl.initStart.initialStart,Chrome 64.0.3282.186,,2018-03-05 16:20:45,2018-03-05 16:21:00,"14,986s",PASSED
Statement - (step++),Chrome 64.0.3282.186,,2018-03-05 16:21:00,2018-03-05 16:21:00,"0,001s",PASSED
cupakeysDl.color.changecolor,Chrome 64.0.3282.186,,2018-03-05 16:21:00,2018-03-05 16:21:05,"5,410s",PASSED
Statement - (step++),Chrome 64.0.3282.186,,2018-03-05 16:21:05,2018-03-05 16:21:05,"0,001s",PASSED
cupakeysDl.chngstruct.changestructure,Chrome 64.0.3282.186,,2018-03-05 16:21:05,2018-03-05 16:21:12,"7,137s",PASSED
Statement - (step++),Chrome 64.0.3282.186,,2018-03-05 16:21:12,2018-03-05 16:21:12,"0,000s",PASSED
cupakeysDl.sclstruct.scalestructure,Chrome 64.0.3282.186,,2018-03-05 16:21:12,2018-03-05 16:21:21,"9,245s",PASSED
Statement - (step++),Chrome 64.0.3282.186,,2018-03-05 16:21:21,2018-03-05 16:21:21,"0,000s",PASSED
"Statement - iconmap += CustomKeywords.cupakeysDl.iconad.iconadd(""laurelwreath"", LoadTimeCorrector, step, run, device, timeStamp, iconcount)",Chrome 64.0.3282.186,,2018-03-05 16:21:21,2018-03-05 16:21:28,"6,888s",PASSED
Statement - (step++),Chrome 64.0.3282.186,,2018-03-05 16:21:28,2018-03-05 16:21:28,"0,000s",PASSED
Statement - (iconcount++),Chrome 64.0.3282.186,,2018-03-05 16:21:28,2018-03-05 16:21:28,"0,000s",PASSED
cupakeysDl.iconres.iconresize,Chrome 64.0.3282.186,,2018-03-05 16:21:28,2018-03-05 16:21:34,"5,424s",PASSED
Statement - (step++),Chrome 64.0.3282.186,,2018-03-05 16:21:34,2018-03-05 16:21:34,"0,000s",PASSED
cupakeysDl.slink.svlink,Chrome 64.0.3282.186,,2018-03-05 16:21:34,2018-03-05 16:21:38,"4,610s",PASSED
cupakeysDl.endsession.finishsession,Chrome 64.0.3282.186,,2018-03-05 16:21:38,2018-03-05 16:21:42,"3,583s",PASSED
,,,,,,
Test Cases/CuPaStefanie/19,Chrome 64.0.3282.186,,2018-03-05 16:21:42,2018-03-05 16:22:30,"48,556s",PASSED
Statement - timeStamp = new java.text.SimpleDateFormat(dd.MM.yyyy).format(java.util.Calendar.getInstance().getTime()),Chrome 64.0.3282.186,,2018-03-05 16:21:42,2018-03-05 16:21:42,"0,000s",PASSED
Statement - timeStampScreenshot = new java.text.SimpleDateFormat(dd.MM.yyyy).format(java.util.Calendar.getInstance().getTime()),Chrome 64.0.3282.186,,2018-03-05 16:21:42,2018-03-05 16:21:42,"0,000s",PASSED
Statement - iconmap = [:],Chrome 64.0.3282.186,,2018-03-05 16:21:42,2018-03-05 16:21:42,"0,000s",PASSED
Statement - txtmap = [:],Chrome 64.0.3282.186,,2018-03-05 16:21:42,2018-03-05 16:21:42,"0,000s",PASSED
Statement - signmap = [:],Chrome 64.0.3282.186,,2018-03-05 16:21:42,2018-03-05 16:21:42,"0,000s",PASSED
cupakeysDl.initStart.initialStart,Chrome 64.0.3282.186,,2018-03-05 16:21:42,2018-03-05 16:21:57,"14,858s",PASSED
Statement - (step++),Chrome 64.0.3282.186,,2018-03-05 16:21:57,2018-03-05 16:21:57,"0,001s",PASSED
cupakeysDl.color.changecolor,Chrome 64.0.3282.186,,2018-03-05 16:21:57,2018-03-05 16:22:01,"4,459s",PASSED
Statement - (step++),Chrome 64.0.3282.186,,2018-03-05 16:22:01,2018-03-05 16:22:01,"0,000s",PASSED
cupakeysDl.chngstruct.changestructure,Chrome 64.0.3282.186,,2018-03-05 16:22:01,2018-03-05 16:22:07,"5,124s",PASSED
Statement - (step++),Chrome 64.0.3282.186,,2018-03-05 16:22:07,2018-03-05 16:22:07,"0,000s",PASSED
cupakeysDl.sclstruct.scalestructure,Chrome 64.0.3282.186,,2018-03-05 16:22:07,2018-03-05 16:22:15,"7,993s",PASSED
Statement - (step++),Chrome 64.0.3282.186,,2018-03-05 16:22:15,2018-03-05 16:22:15,"0,001s",PASSED
"Statement - iconmap += CustomKeywords.cupakeysDl.iconad.iconadd(""helmet"", LoadTimeCorrector, step, run, device, timeStamp, iconcount)",Chrome 64.0.3282.186,,2018-03-05 16:22:15,2018-03-05 16:22:20,"5,095s",PASSED
Statement - (step++),Chrome 64.0.3282.186,,2018-03-05 16:22:20,2018-03-05 16:22:20,"0,000s",PASSED
Statement - (iconcount++),Chrome 64.0.3282.186,,2018-03-05 16:22:20,2018-03-05 16:22:20,"0,000s",PASSED
cupakeysDl.iconres.iconresize,Chrome 64.0.3282.186,,2018-03-05 16:22:20,2018-03-05 16:22:23,"3,627s",PASSED
Statement - (step++),Chrome 64.0.3282.186,,2018-03-05 16:22:23,2018-03-05 16:22:23,"0,000s",PASSED
cupakeysDl.slink.svlink,Chrome 64.0.3282.186,,2018-03-05 16:22:23,2018-03-05 16:22:27,"3,666s",PASSED
cupakeysDl.endsession.finishsession,Chrome 64.0.3282.186,,2018-03-05 16:22:27,2018-03-05 16:22:30,"3,588s",PASSED
,,,,,,
Test Cases/CuPaStefanie/20,Chrome 64.0.3282.186,,2018-03-05 16:22:30,2018-03-05 16:23:24,"53,785s",PASSED
Statement - timeStamp = new java.text.SimpleDateFormat(dd.MM.yyyy).format(java.util.Calendar.getInstance().getTime()),Chrome 64.0.3282.186,,2018-03-05 16:22:31,2018-03-05 16:22:31,"0,000s",PASSED
Statement - timeStampScreenshot = new java.text.SimpleDateFormat(dd.MM.yyyy).format(java.util.Calendar.getInstance().getTime()),Chrome 64.0.3282.186,,2018-03-05 16:22:31,2018-03-05 16:22:31,"0,001s",PASSED
Statement - iconmap = [:],Chrome 64.0.3282.186,,2018-03-05 16:22:31,2018-03-05 16:22:31,"0,000s",PASSED
Statement - txtmap = [:],Chrome 64.0.3282.186,,2018-03-05 16:22:31,2018-03-05 16:22:31,"0,000s",PASSED
Statement - signmap = [:],Chrome 64.0.3282.186,,2018-03-05 16:22:31,2018-03-05 16:22:31,"0,000s",PASSED
cupakeysDl.initStart.initialStart,Chrome 64.0.3282.186,,2018-03-05 16:22:31,2018-03-05 16:22:50,"18,959s",PASSED
Statement - (step++),Chrome 64.0.3282.186,,2018-03-05 16:22:50,2018-03-05 16:22:50,"0,001s",PASSED
cupakeysDl.color.changecolor,Chrome 64.0.3282.186,,2018-03-05 16:22:50,2018-03-05 16:22:54,"4,470s",PASSED
Statement - (step++),Chrome 64.0.3282.186,,2018-03-05 16:22:54,2018-03-05 16:22:54,"0,000s",PASSED
cupakeysDl.chngstruct.changestructure,Chrome 64.0.3282.186,,2018-03-05 16:22:54,2018-03-05 16:22:59,"5,130s",PASSED
Statement - (step++),Chrome 64.0.3282.186,,2018-03-05 16:22:59,2018-03-05 16:22:59,"0,001s",PASSED
cupakeysDl.sclstruct.scalestructure,Chrome 64.0.3282.186,,2018-03-05 16:22:59,2018-03-05 16:23:07,"7,834s",PASSED
Statement - (step++),Chrome 64.0.3282.186,,2018-03-05 16:23:07,2018-03-05 16:23:07,"0,000s",PASSED
"Statement - iconmap += CustomKeywords.cupakeysDl.iconad.iconadd(""helmet"", LoadTimeCorrector, step, run, device, timeStamp, iconcount)",Chrome 64.0.3282.186,,2018-03-05 16:23:07,2018-03-05 16:23:12,"5,000s",PASSED
Statement - (step++),Chrome 64.0.3282.186,,2018-03-05 16:23:12,2018-03-05 16:23:12,"0,000s",PASSED
Statement - (iconcount++),Chrome 64.0.3282.186,,2018-03-05 16:23:12,2018-03-05 16:23:12,"0,000s",PASSED
cupakeysDl.iconres.iconresize,Chrome 64.0.3282.186,,2018-03-05 16:23:12,2018-03-05 16:23:17,"4,597s",PASSED
Statement - (step++),Chrome 64.0.3282.186,,2018-03-05 16:23:17,2018-03-05 16:23:17,"0,000s",PASSED
cupakeysDl.slink.svlink,Chrome 64.0.3282.186,,2018-03-05 16:23:17,2018-03-05 16:23:21,"4,065s",PASSED
cupakeysDl.endsession.finishsession,Chrome 64.0.3282.186,,2018-03-05 16:23:21,2018-03-05 16:23:24,"3,592s",PASSED
,,,,,,
Test Cases/CuPaStefanie/21,Chrome 64.0.3282.186,,2018-03-05 16:23:24,2018-03-05 16:24:28,"1m - 3,335s",PASSED
Statement - timeStamp = new java.text.SimpleDateFormat(dd.MM.yyyy).format(java.util.Calendar.getInstance().getTime()),Chrome 64.0.3282.186,,2018-03-05 16:23:24,2018-03-05 16:23:24,"0,000s",PASSED
Statement - timeStampScreenshot = new java.text.SimpleDateFormat(dd.MM.yyyy).format(java.util.Calendar.getInstance().getTime()),Chrome 64.0.3282.186,,2018-03-05 16:23:24,2018-03-05 16:23:24,"0,000s",PASSED
Statement - iconmap = [:],Chrome 64.0.3282.186,,2018-03-05 16:23:24,2018-03-05 16:23:24,"0,000s",PASSED
Statement - txtmap = [:],Chrome 64.0.3282.186,,2018-03-05 16:23:24,2018-03-05 16:23:24,"0,000s",PASSED
Statement - signmap = [:],Chrome 64.0.3282.186,,2018-03-05 16:23:24,2018-03-05 16:23:24,"0,000s",PASSED
cupakeysDl.initStart.initialStart,Chrome 64.0.3282.186,,2018-03-05 16:23:24,2018-03-05 16:23:44,"19,518s",PASSED
Statement - (step++),Chrome 64.0.3282.186,,2018-03-05 16:23:44,2018-03-05 16:23:44,"0,000s",PASSED
cupakeysDl.color.changecolor,Chrome 64.0.3282.186,,2018-03-05 16:23:44,2018-03-05 16:23:48,"4,379s",PASSED
Statement - (step++),Chrome 64.0.3282.186,,2018-03-05 16:23:48,2018-03-05 16:23:48,"0,000s",PASSED
cupakeysDl.chngstruct.changestructure,Chrome 64.0.3282.186,,2018-03-05 16:23:48,2018-03-05 16:23:54,"5,623s",PASSED
Statement - (step++),Chrome 64.0.3282.186,,2018-03-05 16:23:54,2018-03-05 16:23:54,"0,000s",PASSED
cupakeysDl.sclstruct.scalestructure,Chrome 64.0.3282.186,,2018-03-05 16:23:54,2018-03-05 16:24:02,"8,252s",PASSED
Statement - (step++),Chrome 64.0.3282.186,,2018-03-05 16:24:02,2018-03-05 16:24:02,"0,000s",PASSED
"Statement - iconmap += CustomKeywords.cupakeysDl.iconad.iconadd(""longboard"", LoadTimeCorrector, step, run, device, timeStamp, iconcount)",Chrome 64.0.3282.186,,2018-03-05 16:24:02,2018-03-05 16:24:11,"8,311s",PASSED
Statement - (step++),Chrome 64.0.3282.186,,2018-03-05 16:24:11,2018-03-05 16:24:11,"0,000s",PASSED
Statement - (iconcount++),Chrome 64.0.3282.186,,2018-03-05 16:24:11,2018-03-05 16:24:11,"0,000s",PASSED
cupakeysDl.iconres.iconresize,Chrome 64.0.3282.186,,2018-03-05 16:24:11,2018-03-05 16:24:20,"9,588s",PASSED
Statement - (step++),Chrome 64.0.3282.186,,2018-03-05 16:24:20,2018-03-05 16:24:20,"0,000s",PASSED
cupakeysDl.slink.svlink,Chrome 64.0.3282.186,,2018-03-05 16:24:20,2018-03-05 16:24:24,"3,958s",PASSED
cupakeysDl.endsession.finishsession,Chrome 64.0.3282.186,,2018-03-05 16:24:24,2018-03-05 16:24:28,"3,574s",PASSED
,,,,,,
Test Cases/CuPaStefanie/22,Chrome 64.0.3282.186,,2018-03-05 16:24:28,2018-03-05 16:25:25,"56,952s",PASSED
Statement - timeStamp = new java.text.SimpleDateFormat(dd.MM.yyyy).format(java.util.Calendar.getInstance().getTime()),Chrome 64.0.3282.186,,2018-03-05 16:24:28,2018-03-05 16:24:28,"0,000s",PASSED
Statement - timeStampScreenshot = new java.text.SimpleDateFormat(dd.MM.yyyy).format(java.util.Calendar.getInstance().getTime()),Chrome 64.0.3282.186,,2018-03-05 16:24:28,2018-03-05 16:24:28,"0,000s",PASSED
Statement - iconmap = [:],Chrome 64.0.3282.186,,2018-03-05 16:24:28,2018-03-05 16:24:28,"0,000s",PASSED
Statement - txtmap = [:],Chrome 64.0.3282.186,,2018-03-05 16:24:28,2018-03-05 16:24:28,"0,000s",PASSED
Statement - signmap = [:],Chrome 64.0.3282.186,,2018-03-05 16:24:28,2018-03-05 16:24:28,"0,001s",PASSED
cupakeysDl.initStart.initialStart,Chrome 64.0.3282.186,,2018-03-05 16:24:28,2018-03-05 16:24:46,"17,801s",PASSED
Statement - (step++),Chrome 64.0.3282.186,,2018-03-05 16:24:46,2018-03-05 16:24:46,"0,000s",PASSED
cupakeysDl.color.changecolor,Chrome 64.0.3282.186,,2018-03-05 16:24:46,2018-03-05 16:24:50,"4,417s",PASSED
Statement - (step++),Chrome 64.0.3282.186,,2018-03-05 16:24:50,2018-03-05 16:24:50,"0,001s",PASSED
cupakeysDl.chngstruct.changestructure,Chrome 64.0.3282.186,,2018-03-05 16:24:50,2018-03-05 16:24:56,"5,586s",PASSED
Statement - (step++),Chrome 64.0.3282.186,,2018-03-05 16:24:56,2018-03-05 16:24:56,"0,000s",PASSED
cupakeysDl.sclstruct.scalestructure,Chrome 64.0.3282.186,,2018-03-05 16:24:56,2018-03-05 16:25:04,"7,970s",PASSED
Statement - (step++),Chrome 64.0.3282.186,,2018-03-05 16:25:04,2018-03-05 16:25:04,"0,000s",PASSED
"Statement - iconmap += CustomKeywords.cupakeysDl.iconad.iconadd(""longboard"", LoadTimeCorrector, step, run, device, timeStamp, iconcount)",Chrome 64.0.3282.186,,2018-03-05 16:25:04,2018-03-05 16:25:11,"7,398s",PASSED
Statement - (step++),Chrome 64.0.3282.186,,2018-03-05 16:25:11,2018-03-05 16:25:11,"0,000s",PASSED
Statement - (iconcount++),Chrome 64.0.3282.186,,2018-03-05 16:25:11,2018-03-05 16:25:11,"0,000s",PASSED
cupakeysDl.iconres.iconresize,Chrome 64.0.3282.186,,2018-03-05 16:25:11,2018-03-05 16:25:17,"6,018s",PASSED
Statement - (step++),Chrome 64.0.3282.186,,2018-03-05 16:25:17,2018-03-05 16:25:17,"0,001s",PASSED
cupakeysDl.slink.svlink,Chrome 64.0.3282.186,,2018-03-05 16:25:17,2018-03-05 16:25:21,"4,047s",PASSED
cupakeysDl.endsession.finishsession,Chrome 64.0.3282.186,,2018-03-05 16:25:21,2018-03-05 16:25:25,"3,596s",PASSED
,,,,,,
Test Cases/CuPaStefanie/23,Chrome 64.0.3282.186,,2018-03-05 16:25:25,2018-03-05 16:26:13,"48,540s",PASSED
Statement - timeStamp = new java.text.SimpleDateFormat(dd.MM.yyyy).format(java.util.Calendar.getInstance().getTime()),Chrome 64.0.3282.186,,2018-03-05 16:25:25,2018-03-05 16:25:25,"0,001s",PASSED
Statement - timeStampScreenshot = new java.text.SimpleDateFormat(dd.MM.yyyy).format(java.util.Calendar.getInstance().getTime()),Chrome 64.0.3282.186,,2018-03-05 16:25:25,2018-03-05 16:25:25,"0,000s",PASSED
Statement - iconmap = [:],Chrome 64.0.3282.186,,2018-03-05 16:25:25,2018-03-05 16:25:25,"0,000s",PASSED
Statement - txtmap = [:],Chrome 64.0.3282.186,,2018-03-05 16:25:25,2018-03-05 16:25:25,"0,000s",PASSED
Statement - signmap = [:],Chrome 64.0.3282.186,,2018-03-05 16:25:25,2018-03-05 16:25:25,"0,000s",PASSED
cupakeysDl.initStart.initialStart,Chrome 64.0.3282.186,,2018-03-05 16:25:25,2018-03-05 16:25:40,"14,955s",PASSED
Statement - (step++),Chrome 64.0.3282.186,,2018-03-05 16:25:40,2018-03-05 16:25:40,"0,001s",PASSED
cupakeysDl.color.changecolor,Chrome 64.0.3282.186,,2018-03-05 16:25:40,2018-03-05 16:25:44,"4,393s",PASSED
Statement - (step++),Chrome 64.0.3282.186,,2018-03-05 16:25:44,2018-03-05 16:25:44,"0,000s",PASSED
cupakeysDl.chngstruct.changestructure,Chrome 64.0.3282.186,,2018-03-05 16:25:44,2018-03-05 16:25:49,"4,948s",PASSED
Statement - (step++),Chrome 64.0.3282.186,,2018-03-05 16:25:49,2018-03-05 16:25:49,"0,000s",PASSED
cupakeysDl.sclstruct.scalestructure,Chrome 64.0.3282.186,,2018-03-05 16:25:49,2018-03-05 16:25:57,"7,603s",PASSED
Statement - (step++),Chrome 64.0.3282.186,,2018-03-05 16:25:57,2018-03-05 16:25:57,"0,000s",PASSED
"Statement - iconmap += CustomKeywords.cupakeysDl.iconad.iconadd(""surf"", LoadTimeCorrector, step, run, device, timeStamp, iconcount)",Chrome 64.0.3282.186,,2018-03-05 16:25:57,2018-03-05 16:26:02,"5,119s",PASSED
Statement - (step++),Chrome 64.0.3282.186,,2018-03-05 16:26:02,2018-03-05 16:26:02,"0,000s",PASSED
Statement - (iconcount++),Chrome 64.0.3282.186,,2018-03-05 16:26:02,2018-03-05 16:26:02,"0,000s",PASSED
cupakeysDl.iconres.iconresize,Chrome 64.0.3282.186,,2018-03-05 16:26:02,2018-03-05 16:26:05,"3,745s",PASSED
Statement - (step++),Chrome 64.0.3282.186,,2018-03-05 16:26:06,2018-03-05 16:26:06,"0,000s",PASSED
cupakeysDl.slink.svlink,Chrome 64.0.3282.186,,2018-03-05 16:26:06,2018-03-05 16:26:10,"4,015s",PASSED
cupakeysDl.endsession.finishsession,Chrome 64.0.3282.186,,2018-03-05 16:26:10,2018-03-05 16:26:13,"3,603s",PASSED
,,,,,,
Test Cases/CuPaStefanie/24,Chrome 64.0.3282.186,,2018-03-05 16:26:13,2018-03-05 16:27:01,"48,030s",PASSED
Statement - timeStamp = new java.text.SimpleDateFormat(dd.MM.yyyy).format(java.util.Calendar.getInstance().getTime()),Chrome 64.0.3282.186,,2018-03-05 16:26:13,2018-03-05 16:26:13,"0,001s",PASSED
Statement - timeStampScreenshot = new java.text.SimpleDateFormat(dd.MM.yyyy).format(java.util.Calendar.getInstance().getTime()),Chrome 64.0.3282.186,,2018-03-05 16:26:13,2018-03-05 16:26:13,"0,000s",PASSED
Statement - iconmap = [:],Chrome 64.0.3282.186,,2018-03-05 16:26:13,2018-03-05 16:26:13,"0,000s",PASSED
Statement - txtmap = [:],Chrome 64.0.3282.186,,2018-03-05 16:26:13,2018-03-05 16:26:13,"0,000s",PASSED
Statement - signmap = [:],Chrome 64.0.3282.186,,2018-03-05 16:26:13,2018-03-05 16:26:13,"0,000s",PASSED
cupakeysDl.initStart.initialStart,Chrome 64.0.3282.186,,2018-03-05 16:26:13,2018-03-05 16:26:28,"14,601s",PASSED
Statement - (step++),Chrome 64.0.3282.186,,2018-03-05 16:26:28,2018-03-05 16:26:28,"0,000s",PASSED
cupakeysDl.color.changecolor,Chrome 64.0.3282.186,,2018-03-05 16:26:28,2018-03-05 16:26:32,"4,447s",PASSED
Statement - (step++),Chrome 64.0.3282.186,,2018-03-05 16:26:32,2018-03-05 16:26:32,"0,000s",PASSED
cupakeysDl.chngstruct.changestructure,Chrome 64.0.3282.186,,2018-03-05 16:26:32,2018-03-05 16:26:37,"4,852s",PASSED
Statement - (step++),Chrome 64.0.3282.186,,2018-03-05 16:26:37,2018-03-05 16:26:37,"0,000s",PASSED
cupakeysDl.sclstruct.scalestructure,Chrome 64.0.3282.186,,2018-03-05 16:26:37,2018-03-05 16:26:45,"7,528s",PASSED
Statement - (step++),Chrome 64.0.3282.186,,2018-03-05 16:26:45,2018-03-05 16:26:45,"0,000s",PASSED
"Statement - iconmap += CustomKeywords.cupakeysDl.iconad.iconadd(""surf"", LoadTimeCorrector, step, run, device, timeStamp, iconcount)",Chrome 64.0.3282.186,,2018-03-05 16:26:45,2018-03-05 16:26:50,"5,051s",PASSED
Statement - (step++),Chrome 64.0.3282.186,,2018-03-05 16:26:50,2018-03-05 16:26:50,"0,000s",PASSED
Statement - (iconcount++),Chrome 64.0.3282.186,,2018-03-05 16:26:50,2018-03-05 16:26:50,"0,000s",PASSED
cupakeysDl.iconres.iconresize,Chrome 64.0.3282.186,,2018-03-05 16:26:50,2018-03-05 16:26:54,"4,152s",PASSED
Statement - (step++),Chrome 64.0.3282.186,,2018-03-05 16:26:54,2018-03-05 16:26:54,"0,000s",PASSED
cupakeysDl.slink.svlink,Chrome 64.0.3282.186,,2018-03-05 16:26:54,2018-03-05 16:26:58,"3,734s",PASSED
cupakeysDl.endsession.finishsession,Chrome 64.0.3282.186,,2018-03-05 16:26:58,2018-03-05 16:27:01,"3,554s",PASSED
,,,,,,
Test Cases/CuPaStefanie/25,Chrome 64.0.3282.186,,2018-03-05 16:27:01,2018-03-05 16:27:58,"57,018s",PASSED
Statement - timeStamp = new java.text.SimpleDateFormat(dd.MM.yyyy).format(java.util.Calendar.getInstance().getTime()),Chrome 64.0.3282.186,,2018-03-05 16:27:01,2018-03-05 16:27:01,"0,001s",PASSED
Statement - timeStampScreenshot = new java.text.SimpleDateFormat(dd.MM.yyyy).format(java.util.Calendar.getInstance().getTime()),Chrome 64.0.3282.186,,2018-03-05 16:27:01,2018-03-05 16:27:01,"0,000s",PASSED
Statement - iconmap = [:],Chrome 64.0.3282.186,,2018-03-05 16:27:01,2018-03-05 16:27:01,"0,000s",PASSED
Statement - txtmap = [:],Chrome 64.0.3282.186,,2018-03-05 16:27:01,2018-03-05 16:27:01,"0,000s",PASSED
Statement - signmap = [:],Chrome 64.0.3282.186,,2018-03-05 16:27:01,2018-03-05 16:27:01,"0,000s",PASSED
cupakeysDl.initStart.initialStart,Chrome 64.0.3282.186,,2018-03-05 16:27:01,2018-03-05 16:27:17,"15,390s",PASSED
Statement - (step++),Chrome 64.0.3282.186,,2018-03-05 16:27:17,2018-03-05 16:27:17,"0,001s",PASSED
cupakeysDl.color.changecolor,Chrome 64.0.3282.186,,2018-03-05 16:27:17,2018-03-05 16:27:22,"5,418s",PASSED
Statement - (step++),Chrome 64.0.3282.186,,2018-03-05 16:27:22,2018-03-05 16:27:22,"0,000s",PASSED
cupakeysDl.chngstruct.changestructure,Chrome 64.0.3282.186,,2018-03-05 16:27:22,2018-03-05 16:27:28,"6,293s",PASSED
Statement - (step++),Chrome 64.0.3282.186,,2018-03-05 16:27:28,2018-03-05 16:27:28,"0,000s",PASSED
cupakeysDl.sclstruct.scalestructure,Chrome 64.0.3282.186,,2018-03-05 16:27:28,2018-03-05 16:27:38,"9,408s",PASSED
Statement - (step++),Chrome 64.0.3282.186,,2018-03-05 16:27:38,2018-03-05 16:27:38,"0,000s",PASSED
"Statement - iconmap += CustomKeywords.cupakeysDl.iconad.iconadd(""snow"", LoadTimeCorrector, step, run, device, timeStamp, iconcount)",Chrome 64.0.3282.186,,2018-03-05 16:27:38,2018-03-05 16:27:45,"6,781s",PASSED
Statement - (step++),Chrome 64.0.3282.186,,2018-03-05 16:27:45,2018-03-05 16:27:45,"0,001s",PASSED
Statement - (iconcount++),Chrome 64.0.3282.186,,2018-03-05 16:27:45,2018-03-05 16:27:45,"0,000s",PASSED
cupakeysDl.iconres.iconresize,Chrome 64.0.3282.186,,2018-03-05 16:27:45,2018-03-05 16:27:50,"5,791s",PASSED
Statement - (step++),Chrome 64.0.3282.186,,2018-03-05 16:27:50,2018-03-05 16:27:50,"0,000s",PASSED
cupakeysDl.slink.svlink,Chrome 64.0.3282.186,,2018-03-05 16:27:50,2018-03-05 16:27:55,"4,225s",PASSED
cupakeysDl.endsession.finishsession,Chrome 64.0.3282.186,,2018-03-05 16:27:55,2018-03-05 16:27:58,"3,562s",PASSED
,,,,,,
Test Cases/CuPaStefanie/26,Chrome 64.0.3282.186,,2018-03-05 16:27:58,2018-03-05 16:28:52,"53,652s",PASSED
Statement - timeStamp = new java.text.SimpleDateFormat(dd.MM.yyyy).format(java.util.Calendar.getInstance().getTime()),Chrome 64.0.3282.186,,2018-03-05 16:27:58,2018-03-05 16:27:58,"0,000s",PASSED
Statement - timeStampScreenshot = new java.text.SimpleDateFormat(dd.MM.yyyy).format(java.util.Calendar.getInstance().getTime()),Chrome 64.0.3282.186,,2018-03-05 16:27:58,2018-03-05 16:27:58,"0,000s",PASSED
Statement - iconmap = [:],Chrome 64.0.3282.186,,2018-03-05 16:27:58,2018-03-05 16:27:58,"0,001s",PASSED
Statement - txtmap = [:],Chrome 64.0.3282.186,,2018-03-05 16:27:58,2018-03-05 16:27:58,"0,000s",PASSED
Statement - signmap = [:],Chrome 64.0.3282.186,,2018-03-05 16:27:58,2018-03-05 16:27:58,"0,000s",PASSED
cupakeysDl.initStart.initialStart,Chrome 64.0.3282.186,,2018-03-05 16:27:58,2018-03-05 16:28:13,"14,723s",PASSED
Statement - (step++),Chrome 64.0.3282.186,,2018-03-05 16:28:13,2018-03-05 16:28:13,"0,001s",PASSED
cupakeysDl.color.changecolor,Chrome 64.0.3282.186,,2018-03-05 16:28:13,2018-03-05 16:28:17,"4,375s",PASSED
Statement - (step++),Chrome 64.0.3282.186,,2018-03-05 16:28:17,2018-03-05 16:28:17,"0,000s",PASSED
cupakeysDl.chngstruct.changestructure,Chrome 64.0.3282.186,,2018-03-05 16:28:17,2018-03-05 16:28:24,"6,286s",PASSED
Statement - (step++),Chrome 64.0.3282.186,,2018-03-05 16:28:24,2018-03-05 16:28:24,"0,000s",PASSED
cupakeysDl.sclstruct.scalestructure,Chrome 64.0.3282.186,,2018-03-05 16:28:24,2018-03-05 16:28:33,"8,970s",PASSED
Statement - (step++),Chrome 64.0.3282.186,,2018-03-05 16:28:33,2018-03-05 16:28:33,"0,000s",PASSED
"Statement - iconmap += CustomKeywords.cupakeysDl.iconad.iconadd(""snow"", LoadTimeCorrector, step, run, device, timeStamp, iconcount)",Chrome 64.0.3282.186,,2018-03-05 16:28:33,2018-03-05 16:28:39,"6,501s",PASSED
Statement - (step++),Chrome 64.0.3282.186,,2018-03-05 16:28:39,2018-03-05 16:28:39,"0,001s",PASSED
Statement - (iconcount++),Chrome 64.0.3282.186,,2018-03-05 16:28:39,2018-03-05 16:28:39,"0,001s",PASSED
cupakeysDl.iconres.iconresize,Chrome 64.0.3282.186,,2018-03-05 16:28:39,2018-03-05 16:28:44,"5,084s",PASSED
Statement - (step++),Chrome 64.0.3282.186,,2018-03-05 16:28:44,2018-03-05 16:28:44,"0,000s",PASSED
cupakeysDl.slink.svlink,Chrome 64.0.3282.186,,2018-03-05 16:28:44,2018-03-05 16:28:48,"3,974s",PASSED
cupakeysDl.endsession.finishsession,Chrome 64.0.3282.186,,2018-03-05 16:28:48,2018-03-05 16:28:52,"3,593s",PASSED
,,,,,,
Test Cases/CuPaStefanie/27,Chrome 64.0.3282.186,,2018-03-05 16:28:52,2018-03-05 16:30:06,"1m - 14,454s",FAILED
Statement - timeStamp = new java.text.SimpleDateFormat(dd.MM.yyyy).format(java.util.Calendar.getInstance().getTime()),Chrome 64.0.3282.186,,2018-03-05 16:28:52,2018-03-05 16:28:52,"0,000s",PASSED
Statement - timeStampScreenshot = new java.text.SimpleDateFormat(dd.MM.yyyy).format(java.util.Calendar.getInstance().getTime()),Chrome 64.0.3282.186,,2018-03-05 16:28:52,2018-03-05 16:28:52,"0,001s",PASSED
Statement - iconmap = [:],Chrome 64.0.3282.186,,2018-03-05 16:28:52,2018-03-05 16:28:52,"0,000s",PASSED
Statement - txtmap = [:],Chrome 64.0.3282.186,,2018-03-05 16:28:52,2018-03-05 16:28:52,"0,000s",PASSED
Statement - signmap = [:],Chrome 64.0.3282.186,,2018-03-05 16:28:52,2018-03-05 16:28:52,"0,000s",PASSED
cupakeysDl.initStart.initialStart,Chrome 64.0.3282.186,,2018-03-05 16:28:52,2018-03-05 16:29:12,"19,598s",PASSED
Statement - (step++),Chrome 64.0.3282.186,,2018-03-05 16:29:12,2018-03-05 16:29:12,"0,000s",PASSED
cupakeysDl.color.changecolor,Chrome 64.0.3282.186,,2018-03-05 16:29:12,2018-03-05 16:29:16,"4,427s",PASSED
Statement - (step++),Chrome 64.0.3282.186,,2018-03-05 16:29:16,2018-03-05 16:29:16,"0,000s",PASSED
cupakeysDl.chngstruct.changestructure,Chrome 64.0.3282.186,,2018-03-05 16:29:16,2018-03-05 16:29:24,"7,675s",PASSED
Statement - (step++),Chrome 64.0.3282.186,,2018-03-05 16:29:24,2018-03-05 16:29:24,"0,001s",PASSED
cupakeysDl.sclstruct.scalestructure,Chrome 64.0.3282.186,,2018-03-05 16:29:24,2018-03-05 16:29:35,"10,842s",PASSED
Statement - (step++),Chrome 64.0.3282.186,,2018-03-05 16:29:35,2018-03-05 16:29:35,"0,000s",PASSED
"Statement - iconmap += CustomKeywords.cupakeysDl.iconad.iconadd(""hangloose"", LoadTimeCorrector, step, run, device, timeStamp, iconcount)",Chrome 64.0.3282.186,,2018-03-05 16:29:35,2018-03-05 16:30:06,"31,663s",FAILED
,,,,,,
Test Cases/CuPaStefanie/28,Chrome 64.0.3282.186,,2018-03-05 16:30:06,2018-03-05 16:31:16,"1m - 10,137s",FAILED
Statement - timeStamp = new java.text.SimpleDateFormat(dd.MM.yyyy).format(java.util.Calendar.getInstance().getTime()),Chrome 64.0.3282.186,,2018-03-05 16:30:06,2018-03-05 16:30:06,"0,000s",PASSED
Statement - timeStampScreenshot = new java.text.SimpleDateFormat(dd.MM.yyyy).format(java.util.Calendar.getInstance().getTime()),Chrome 64.0.3282.186,,2018-03-05 16:30:06,2018-03-05 16:30:06,"0,001s",PASSED
Statement - iconmap = [:],Chrome 64.0.3282.186,,2018-03-05 16:30:06,2018-03-05 16:30:06,"0,000s",PASSED
Statement - txtmap = [:],Chrome 64.0.3282.186,,2018-03-05 16:30:06,2018-03-05 16:30:06,"0,000s",PASSED
Statement - signmap = [:],Chrome 64.0.3282.186,,2018-03-05 16:30:06,2018-03-05 16:30:06,"0,000s",PASSED
cupakeysDl.initStart.initialStart,Chrome 64.0.3282.186,,2018-03-05 16:30:06,2018-03-05 16:30:22,"15,458s",PASSED
Statement - (step++),Chrome 64.0.3282.186,,2018-03-05 16:30:22,2018-03-05 16:30:22,"0,000s",PASSED
cupakeysDl.color.changecolor,Chrome 64.0.3282.186,,2018-03-05 16:30:22,2018-03-05 16:30:26,"4,402s",PASSED
Statement - (step++),Chrome 64.0.3282.186,,2018-03-05 16:30:26,2018-03-05 16:30:26,"0,001s",PASSED
cupakeysDl.chngstruct.changestructure,Chrome 64.0.3282.186,,2018-03-05 16:30:26,2018-03-05 16:30:34,"8,076s",PASSED
Statement - (step++),Chrome 64.0.3282.186,,2018-03-05 16:30:34,2018-03-05 16:30:34,"0,000s",PASSED
cupakeysDl.sclstruct.scalestructure,Chrome 64.0.3282.186,,2018-03-05 16:30:34,2018-03-05 16:30:45,"10,424s",PASSED
Statement - (step++),Chrome 64.0.3282.186,,2018-03-05 16:30:45,2018-03-05 16:30:45,"0,000s",PASSED
"Statement - iconmap += CustomKeywords.cupakeysDl.iconad.iconadd(""hangloose"", LoadTimeCorrector, step, run, device, timeStamp, iconcount)",Chrome 64.0.3282.186,,2018-03-05 16:30:45,2018-03-05 16:31:16,"31,667s",FAILED
,,,,,,
Test Cases/CuPaStefanie/29,Chrome 64.0.3282.186,,2018-03-05 16:31:16,2018-03-05 16:31:38,"21,136s",FAILED
Statement - timeStamp = new java.text.SimpleDateFormat(dd.MM.yyyy).format(java.util.Calendar.getInstance().getTime()),Chrome 64.0.3282.186,,2018-03-05 16:31:17,2018-03-05 16:31:17,"0,001s",PASSED
Statement - timeStampScreenshot = new java.text.SimpleDateFormat(dd.MM.yyyy).format(java.util.Calendar.getInstance().getTime()),Chrome 64.0.3282.186,,2018-03-05 16:31:17,2018-03-05 16:31:17,"0,000s",PASSED
Statement - iconmap = [:],Chrome 64.0.3282.186,,2018-03-05 16:31:17,2018-03-05 16:31:17,"0,000s",PASSED
Statement - txtmap = [:],Chrome 64.0.3282.186,,2018-03-05 16:31:17,2018-03-05 16:31:17,"0,000s",PASSED
Statement - signmap = [:],Chrome 64.0.3282.186,,2018-03-05 16:31:17,2018-03-05 16:31:17,"0,000s",PASSED
cupakeysDl.initStart.initialStart,Chrome 64.0.3282.186,,2018-03-05 16:31:17,2018-03-05 16:31:32,"15,437s",PASSED
Statement - (step++),Chrome 64.0.3282.186,,2018-03-05 16:31:32,2018-03-05 16:31:32,"0,000s",PASSED
cupakeysDl.color.changecolor,Chrome 64.0.3282.186,,2018-03-05 16:31:32,2018-03-05 16:31:36,"4,370s",PASSED
Statement - (step++),Chrome 64.0.3282.186,,2018-03-05 16:31:36,2018-03-05 16:31:36,"0,000s",PASSED
cupakeysDl.chngstruct.changestructure,Chrome 64.0.3282.186,,2018-03-05 16:31:36,2018-03-05 16:31:38,"1,217s",FAILED
,,,,,,
Test Cases/CuPaStefanie/30,Chrome 64.0.3282.186,,2018-03-05 16:31:38,2018-03-05 16:32:02,"24,884s",FAILED
Statement - timeStamp = new java.text.SimpleDateFormat(dd.MM.yyyy).format(java.util.Calendar.getInstance().getTime()),Chrome 64.0.3282.186,,2018-03-05 16:31:38,2018-03-05 16:31:38,"0,000s",PASSED
Statement - timeStampScreenshot = new java.text.SimpleDateFormat(dd.MM.yyyy).format(java.util.Calendar.getInstance().getTime()),Chrome 64.0.3282.186,,2018-03-05 16:31:38,2018-03-05 16:31:38,"0,000s",PASSED
Statement - iconmap = [:],Chrome 64.0.3282.186,,2018-03-05 16:31:38,2018-03-05 16:31:38,"0,000s",PASSED
Statement - txtmap = [:],Chrome 64.0.3282.186,,2018-03-05 16:31:38,2018-03-05 16:31:38,"0,000s",PASSED
Statement - signmap = [:],Chrome 64.0.3282.186,,2018-03-05 16:31:38,2018-03-05 16:31:38,"0,000s",PASSED
cupakeysDl.initStart.initialStart,Chrome 64.0.3282.186,,2018-03-05 16:31:38,2018-03-05 16:31:56,"18,118s",PASSED
Statement - (step++),Chrome 64.0.3282.186,,2018-03-05 16:31:56,2018-03-05 16:31:56,"0,001s",PASSED
cupakeysDl.color.changecolor,Chrome 64.0.3282.186,,2018-03-05 16:31:56,2018-03-05 16:32:01,"5,456s",PASSED
Statement - (step++),Chrome 64.0.3282.186,,2018-03-05 16:32:01,2018-03-05 16:32:01,"0,000s",PASSED
cupakeysDl.chngstruct.changestructure,Chrome 64.0.3282.186,,2018-03-05 16:32:01,2018-03-05 16:32:02,"1,200s",FAILED
,,,,,,
Test Cases/CuPaStefanie/31,Chrome 64.0.3282.186,,2018-03-05 16:32:02,2018-03-05 16:32:55,"52,640s",FAILED
Statement - timeStamp = new java.text.SimpleDateFormat(dd.MM.yyyy).format(java.util.Calendar.getInstance().getTime()),Chrome 64.0.3282.186,,2018-03-05 16:32:03,2018-03-05 16:32:03,"0,000s",PASSED
Statement - timeStampScreenshot = new java.text.SimpleDateFormat(dd.MM.yyyy).format(java.util.Calendar.getInstance().getTime()),Chrome 64.0.3282.186,,2018-03-05 16:32:03,2018-03-05 16:32:03,"0,000s",PASSED
Statement - iconmap = [:],Chrome 64.0.3282.186,,2018-03-05 16:32:03,2018-03-05 16:32:03,"0,000s",PASSED
Statement - txtmap = [:],Chrome 64.0.3282.186,,2018-03-05 16:32:03,2018-03-05 16:32:03,"0,000s",PASSED
Statement - signmap = [:],Chrome 64.0.3282.186,,2018-03-05 16:32:03,2018-03-05 16:32:03,"0,000s",PASSED
cupakeysDl.initStart.initialStart,Chrome 64.0.3282.186,,2018-03-05 16:32:03,2018-03-05 16:32:18,"15,488s",PASSED
Statement - (step++),Chrome 64.0.3282.186,,2018-03-05 16:32:18,2018-03-05 16:32:18,"0,000s",PASSED
cupakeysDl.color.changecolor,Chrome 64.0.3282.186,,2018-03-05 16:32:18,2018-03-05 16:32:23,"5,394s",PASSED
Statement - (step++),Chrome 64.0.3282.186,,2018-03-05 16:32:23,2018-03-05 16:32:23,"0,000s",PASSED
"Statement - iconmap += CustomKeywords.cupakeysDl.iconad.iconadd(""america"", LoadTimeCorrector, step, run, device, timeStamp, iconcount)",Chrome 64.0.3282.186,,2018-03-05 16:32:23,2018-03-05 16:32:55,"31,653s",FAILED
,,,,,,
Test Cases/CuPaStefanie/32,Chrome 64.0.3282.186,,2018-03-05 16:32:55,2018-03-05 16:33:48,"52,542s",FAILED
Statement - timeStamp = new java.text.SimpleDateFormat(dd.MM.yyyy).format(java.util.Calendar.getInstance().getTime()),Chrome 64.0.3282.186,,2018-03-05 16:32:55,2018-03-05 16:32:55,"0,000s",PASSED
Statement - timeStampScreenshot = new java.text.SimpleDateFormat(dd.MM.yyyy).format(java.util.Calendar.getInstance().getTime()),Chrome 64.0.3282.186,,2018-03-05 16:32:55,2018-03-05 16:32:55,"0,000s",PASSED
Statement - iconmap = [:],Chrome 64.0.3282.186,,2018-03-05 16:32:55,2018-03-05 16:32:55,"0,001s",PASSED
Statement - txtmap = [:],Chrome 64.0.3282.186,,2018-03-05 16:32:55,2018-03-05 16:32:55,"0,000s",PASSED
Statement - signmap = [:],Chrome 64.0.3282.186,,2018-03-05 16:32:55,2018-03-05 16:32:55,"0,000s",PASSED
cupakeysDl.initStart.initialStart,Chrome 64.0.3282.186,,2018-03-05 16:32:55,2018-03-05 16:33:11,"15,399s",PASSED
Statement - (step++),Chrome 64.0.3282.186,,2018-03-05 16:33:11,2018-03-05 16:33:11,"0,000s",PASSED
cupakeysDl.color.changecolor,Chrome 64.0.3282.186,,2018-03-05 16:33:11,2018-03-05 16:33:16,"5,406s",PASSED
Statement - (step++),Chrome 64.0.3282.186,,2018-03-05 16:33:16,2018-03-05 16:33:16,"0,000s",PASSED
"Statement - iconmap += CustomKeywords.cupakeysDl.iconad.iconadd(""america"", LoadTimeCorrector, step, run, device, timeStamp, iconcount)",Chrome 64.0.3282.186,,2018-03-05 16:33:16,2018-03-05 16:33:48,"31,620s",FAILED
,,,,,,
Test Cases/CuPaStefanie/33,Chrome 64.0.3282.186,,2018-03-05 16:33:48,2018-03-05 16:34:41,"52,987s",FAILED
Statement - timeStamp = new java.text.SimpleDateFormat(dd.MM.yyyy).format(java.util.Calendar.getInstance().getTime()),Chrome 64.0.3282.186,,2018-03-05 16:33:48,2018-03-05 16:33:48,"0,000s",PASSED
Statement - timeStampScreenshot = new java.text.SimpleDateFormat(dd.MM.yyyy).format(java.util.Calendar.getInstance().getTime()),Chrome 64.0.3282.186,,2018-03-05 16:33:48,2018-03-05 16:33:48,"0,000s",PASSED
Statement - iconmap = [:],Chrome 64.0.3282.186,,2018-03-05 16:33:48,2018-03-05 16:33:48,"0,000s",PASSED
Statement - txtmap = [:],Chrome 64.0.3282.186,,2018-03-05 16:33:48,2018-03-05 16:33:48,"0,000s",PASSED
Statement - signmap = [:],Chrome 64.0.3282.186,,2018-03-05 16:33:48,2018-03-05 16:33:48,"0,000s",PASSED
cupakeysDl.initStart.initialStart,Chrome 64.0.3282.186,,2018-03-05 16:33:48,2018-03-05 16:34:05,"16,858s",PASSED
Statement - (step++),Chrome 64.0.3282.186,,2018-03-05 16:34:05,2018-03-05 16:34:05,"0,000s",PASSED
cupakeysDl.color.changecolor,Chrome 64.0.3282.186,,2018-03-05 16:34:05,2018-03-05 16:34:09,"4,411s",PASSED
Statement - (step++),Chrome 64.0.3282.186,,2018-03-05 16:34:09,2018-03-05 16:34:09,"0,000s",PASSED
"Statement - iconmap += CustomKeywords.cupakeysDl.iconad.iconadd(""australia"", LoadTimeCorrector, step, run, device, timeStamp, iconcount)",Chrome 64.0.3282.186,,2018-03-05 16:34:09,2018-03-05 16:34:41,"31,608s",FAILED
,,,,,,
Test Cases/CuPaStefanie/34,Chrome 64.0.3282.186,,2018-03-05 16:34:41,2018-03-05 16:35:32,"51,237s",FAILED
Statement - timeStamp = new java.text.SimpleDateFormat(dd.MM.yyyy).format(java.util.Calendar.getInstance().getTime()),Chrome 64.0.3282.186,,2018-03-05 16:34:41,2018-03-05 16:34:41,"0,001s",PASSED
Statement - timeStampScreenshot = new java.text.SimpleDateFormat(dd.MM.yyyy).format(java.util.Calendar.getInstance().getTime()),Chrome 64.0.3282.186,,2018-03-05 16:34:41,2018-03-05 16:34:41,"0,000s",PASSED
Statement - iconmap = [:],Chrome 64.0.3282.186,,2018-03-05 16:34:41,2018-03-05 16:34:41,"0,000s",PASSED
Statement - txtmap = [:],Chrome 64.0.3282.186,,2018-03-05 16:34:41,2018-03-05 16:34:41,"0,000s",PASSED
Statement - signmap = [:],Chrome 64.0.3282.186,,2018-03-05 16:34:41,2018-03-05 16:34:41,"0,000s",PASSED
cupakeysDl.initStart.initialStart,Chrome 64.0.3282.186,,2018-03-05 16:34:41,2018-03-05 16:34:56,"15,052s",PASSED
Statement - (step++),Chrome 64.0.3282.186,,2018-03-05 16:34:56,2018-03-05 16:34:56,"0,000s",PASSED
cupakeysDl.color.changecolor,Chrome 64.0.3282.186,,2018-03-05 16:34:56,2018-03-05 16:35:00,"4,415s",PASSED
Statement - (step++),Chrome 64.0.3282.186,,2018-03-05 16:35:00,2018-03-05 16:35:00,"0,001s",PASSED
"Statement - iconmap += CustomKeywords.cupakeysDl.iconad.iconadd(""australia"", LoadTimeCorrector, step, run, device, timeStamp, iconcount)",Chrome 64.0.3282.186,,2018-03-05 16:35:00,2018-03-05 16:35:32,"31,672s",FAILED
,,,,,,
Test Cases/CuPaStefanie/35,Chrome 64.0.3282.186,,2018-03-05 16:35:32,2018-03-05 16:36:23,"51,094s",FAILED
Statement - timeStamp = new java.text.SimpleDateFormat(dd.MM.yyyy).format(java.util.Calendar.getInstance().getTime()),Chrome 64.0.3282.186,,2018-03-05 16:35:32,2018-03-05 16:35:32,"0,001s",PASSED
Statement - timeStampScreenshot = new java.text.SimpleDateFormat(dd.MM.yyyy).format(java.util.Calendar.getInstance().getTime()),Chrome 64.0.3282.186,,2018-03-05 16:35:32,2018-03-05 16:35:32,"0,000s",PASSED
Statement - iconmap = [:],Chrome 64.0.3282.186,,2018-03-05 16:35:32,2018-03-05 16:35:32,"0,000s",PASSED
Statement - txtmap = [:],Chrome 64.0.3282.186,,2018-03-05 16:35:32,2018-03-05 16:35:32,"0,000s",PASSED
Statement - signmap = [:],Chrome 64.0.3282.186,,2018-03-05 16:35:32,2018-03-05 16:35:32,"0,000s",PASSED
cupakeysDl.initStart.initialStart,Chrome 64.0.3282.186,,2018-03-05 16:35:32,2018-03-05 16:35:47,"14,966s",PASSED
Statement - (step++),Chrome 64.0.3282.186,,2018-03-05 16:35:47,2018-03-05 16:35:47,"0,000s",PASSED
cupakeysDl.color.changecolor,Chrome 64.0.3282.186,,2018-03-05 16:35:47,2018-03-05 16:35:51,"4,424s",PASSED
Statement - (step++),Chrome 64.0.3282.186,,2018-03-05 16:35:51,2018-03-05 16:35:51,"0,000s",PASSED
"Statement - iconmap += CustomKeywords.cupakeysDl.iconad.iconadd(""londoncircle"", LoadTimeCorrector, step, run, device, timeStamp, iconcount)",Chrome 64.0.3282.186,,2018-03-05 16:35:51,2018-03-05 16:36:23,"31,590s",FAILED
,,,,,,
Test Cases/CuPaStefanie/36,Chrome 64.0.3282.186,,2018-03-05 16:36:23,2018-03-05 16:37:14,"50,738s",FAILED
Statement - timeStamp = new java.text.SimpleDateFormat(dd.MM.yyyy).format(java.util.Calendar.getInstance().getTime()),Chrome 64.0.3282.186,,2018-03-05 16:36:23,2018-03-05 16:36:23,"0,001s",PASSED
Statement - timeStampScreenshot = new java.text.SimpleDateFormat(dd.MM.yyyy).format(java.util.Calendar.getInstance().getTime()),Chrome 64.0.3282.186,,2018-03-05 16:36:23,2018-03-05 16:36:23,"0,000s",PASSED
Statement - iconmap = [:],Chrome 64.0.3282.186,,2018-03-05 16:36:23,2018-03-05 16:36:23,"0,001s",PASSED
Statement - txtmap = [:],Chrome 64.0.3282.186,,2018-03-05 16:36:23,2018-03-05 16:36:23,"0,000s",PASSED
Statement - signmap = [:],Chrome 64.0.3282.186,,2018-03-05 16:36:23,2018-03-05 16:36:23,"0,000s",PASSED
cupakeysDl.initStart.initialStart,Chrome 64.0.3282.186,,2018-03-05 16:36:23,2018-03-05 16:36:38,"15,042s",PASSED
Statement - (step++),Chrome 64.0.3282.186,,2018-03-05 16:36:38,2018-03-05 16:36:38,"0,001s",PASSED
cupakeysDl.color.changecolor,Chrome 64.0.3282.186,,2018-03-05 16:36:38,2018-03-05 16:36:43,"4,425s",PASSED
Statement - (step++),Chrome 64.0.3282.186,,2018-03-05 16:36:43,2018-03-05 16:36:43,"0,000s",PASSED
"Statement - iconmap += CustomKeywords.cupakeysDl.iconad.iconadd(""londoncircle"", LoadTimeCorrector, step, run, device, timeStamp, iconcount)",Chrome 64.0.3282.186,,2018-03-05 16:36:43,2018-03-05 16:37:14,"31,160s",FAILED
,,,,,,
Test Cases/CuPaStefanie/37,Chrome 64.0.3282.186,,2018-03-05 16:37:14,2018-03-05 16:38:05,"51,307s",FAILED
Statement - timeStamp = new java.text.SimpleDateFormat(dd.MM.yyyy).format(java.util.Calendar.getInstance().getTime()),Chrome 64.0.3282.186,,2018-03-05 16:37:14,2018-03-05 16:37:14,"0,001s",PASSED
Statement - timeStampScreenshot = new java.text.SimpleDateFormat(dd.MM.yyyy).format(java.util.Calendar.getInstance().getTime()),Chrome 64.0.3282.186,,2018-03-05 16:37:14,2018-03-05 16:37:14,"0,000s",PASSED
Statement - iconmap = [:],Chrome 64.0.3282.186,,2018-03-05 16:37:14,2018-03-05 16:37:14,"0,000s",PASSED
Statement - txtmap = [:],Chrome 64.0.3282.186,,2018-03-05 16:37:14,2018-03-05 16:37:14,"0,000s",PASSED
Statement - signmap = [:],Chrome 64.0.3282.186,,2018-03-05 16:37:14,2018-03-05 16:37:14,"0,000s",PASSED
cupakeysDl.initStart.initialStart,Chrome 64.0.3282.186,,2018-03-05 16:37:14,2018-03-05 16:37:29,"15,150s",PASSED
Statement - (step++),Chrome 64.0.3282.186,,2018-03-05 16:37:29,2018-03-05 16:37:29,"0,000s",PASSED
cupakeysDl.color.changecolor,Chrome 64.0.3282.186,,2018-03-05 16:37:29,2018-03-05 16:37:33,"4,386s",PASSED
Statement - (step++),Chrome 64.0.3282.186,,2018-03-05 16:37:33,2018-03-05 16:37:33,"0,000s",PASSED
"Statement - iconmap += CustomKeywords.cupakeysDl.iconad.iconadd(""mountain"", LoadTimeCorrector, step, run, device, timeStamp, iconcount)",Chrome 64.0.3282.186,,2018-03-05 16:37:33,2018-03-05 16:38:05,"31,664s",FAILED
,,,,,,
Test Cases/CuPaStefanie/38,Chrome 64.0.3282.186,,2018-03-05 16:38:05,2018-03-05 16:38:57,"51,761s",FAILED
Statement - timeStamp = new java.text.SimpleDateFormat(dd.MM.yyyy).format(java.util.Calendar.getInstance().getTime()),Chrome 64.0.3282.186,,2018-03-05 16:38:05,2018-03-05 16:38:05,"0,000s",PASSED
Statement - timeStampScreenshot = new java.text.SimpleDateFormat(dd.MM.yyyy).format(java.util.Calendar.getInstance().getTime()),Chrome 64.0.3282.186,,2018-03-05 16:38:05,2018-03-05 16:38:05,"0,000s",PASSED
Statement - iconmap = [:],Chrome 64.0.3282.186,,2018-03-05 16:38:05,2018-03-05 16:38:05,"0,000s",PASSED
Statement - txtmap = [:],Chrome 64.0.3282.186,,2018-03-05 16:38:05,2018-03-05 16:38:05,"0,000s",PASSED
Statement - signmap = [:],Chrome 64.0.3282.186,,2018-03-05 16:38:05,2018-03-05 16:38:05,"0,000s",PASSED
cupakeysDl.initStart.initialStart,Chrome 64.0.3282.186,,2018-03-05 16:38:05,2018-03-05 16:38:21,"15,570s",PASSED
Statement - (step++),Chrome 64.0.3282.186,,2018-03-05 16:38:21,2018-03-05 16:38:21,"0,001s",PASSED
cupakeysDl.color.changecolor,Chrome 64.0.3282.186,,2018-03-05 16:38:21,2018-03-05 16:38:25,"4,492s",PASSED
Statement - (step++),Chrome 64.0.3282.186,,2018-03-05 16:38:25,2018-03-05 16:38:25,"0,000s",PASSED
"Statement - iconmap += CustomKeywords.cupakeysDl.iconad.iconadd(""mountain"", LoadTimeCorrector, step, run, device, timeStamp, iconcount)",Chrome 64.0.3282.186,,2018-03-05 16:38:25,2018-03-05 16:38:57,"31,589s",FAILED
,,,,,,
Test Cases/CuPaStefanie/39,Chrome 64.0.3282.186,,2018-03-05 16:38:57,2018-03-05 16:39:49,"52,640s",FAILED
Statement - timeStamp = new java.text.SimpleDateFormat(dd.MM.yyyy).format(java.util.Calendar.getInstance().getTime()),Chrome 64.0.3282.186,,2018-03-05 16:38:57,2018-03-05 16:38:57,"0,001s",PASSED
Statement - timeStampScreenshot = new java.text.SimpleDateFormat(dd.MM.yyyy).format(java.util.Calendar.getInstance().getTime()),Chrome 64.0.3282.186,,2018-03-05 16:38:57,2018-03-05 16:38:57,"0,000s",PASSED
Statement - iconmap = [:],Chrome 64.0.3282.186,,2018-03-05 16:38:57,2018-03-05 16:38:57,"0,000s",PASSED
Statement - txtmap = [:],Chrome 64.0.3282.186,,2018-03-05 16:38:57,2018-03-05 16:38:57,"0,000s",PASSED
Statement - signmap = [:],Chrome 64.0.3282.186,,2018-03-05 16:38:57,2018-03-05 16:38:57,"0,000s",PASSED
cupakeysDl.initStart.initialStart,Chrome 64.0.3282.186,,2018-03-05 16:38:57,2018-03-05 16:39:12,"15,394s",PASSED
Statement - (step++),Chrome 64.0.3282.186,,2018-03-05 16:39:12,2018-03-05 16:39:12,"0,000s",PASSED
cupakeysDl.color.changecolor,Chrome 64.0.3282.186,,2018-03-05 16:39:12,2018-03-05 16:39:18,"5,416s",PASSED
Statement - (step++),Chrome 64.0.3282.186,,2018-03-05 16:39:18,2018-03-05 16:39:18,"0,000s",PASSED
"Statement - iconmap += CustomKeywords.cupakeysDl.iconad.iconadd(""simplecompass"", LoadTimeCorrector, step, run, device, timeStamp, iconcount)",Chrome 64.0.3282.186,,2018-03-05 16:39:18,2018-03-05 16:39:49,"31,690s",FAILED
,,,,,,
Test Cases/CuPaStefanie/40,Chrome 64.0.3282.186,,2018-03-05 16:39:49,2018-03-05 16:40:42,"52,727s",FAILED
Statement - timeStamp = new java.text.SimpleDateFormat(dd.MM.yyyy).format(java.util.Calendar.getInstance().getTime()),Chrome 64.0.3282.186,,2018-03-05 16:39:50,2018-03-05 16:39:50,"0,000s",PASSED
Statement - timeStampScreenshot = new java.text.SimpleDateFormat(dd.MM.yyyy).format(java.util.Calendar.getInstance().getTime()),Chrome 64.0.3282.186,,2018-03-05 16:39:50,2018-03-05 16:39:50,"0,000s",PASSED
Statement - iconmap = [:],Chrome 64.0.3282.186,,2018-03-05 16:39:50,2018-03-05 16:39:50,"0,000s",PASSED
Statement - txtmap = [:],Chrome 64.0.3282.186,,2018-03-05 16:39:50,2018-03-05 16:39:50,"0,000s",PASSED
Statement - signmap = [:],Chrome 64.0.3282.186,,2018-03-05 16:39:50,2018-03-05 16:39:50,"0,000s",PASSED
cupakeysDl.initStart.initialStart,Chrome 64.0.3282.186,,2018-03-05 16:39:50,2018-03-05 16:40:05,"15,532s",PASSED
Statement - (step++),Chrome 64.0.3282.186,,2018-03-05 16:40:05,2018-03-05 16:40:05,"0,000s",PASSED
cupakeysDl.color.changecolor,Chrome 64.0.3282.186,,2018-03-05 16:40:05,2018-03-05 16:40:10,"5,426s",PASSED
Statement - (step++),Chrome 64.0.3282.186,,2018-03-05 16:40:10,2018-03-05 16:40:10,"0,000s",PASSED
"Statement - iconmap += CustomKeywords.cupakeysDl.iconad.iconadd(""simplecompass"", LoadTimeCorrector, step, run, device, timeStamp, iconcount)",Chrome 64.0.3282.186,,2018-03-05 16:40:10,2018-03-05 16:40:42,"31,651s",FAILED
,,,,,,
Test Cases/CuPaStefanie/41,Chrome 64.0.3282.186,,2018-03-05 16:40:42,2018-03-05 16:41:33,"51,255s",FAILED
Statement - timeStamp = new java.text.SimpleDateFormat(dd.MM.yyyy).format(java.util.Calendar.getInstance().getTime()),Chrome 64.0.3282.186,,2018-03-05 16:40:42,2018-03-05 16:40:42,"0,001s",PASSED
Statement - timeStampScreenshot = new java.text.SimpleDateFormat(dd.MM.yyyy).format(java.util.Calendar.getInstance().getTime()),Chrome 64.0.3282.186,,2018-03-05 16:40:42,2018-03-05 16:40:42,"0,000s",PASSED
Statement - iconmap = [:],Chrome 64.0.3282.186,,2018-03-05 16:40:42,2018-03-05 16:40:42,"0,000s",PASSED
Statement - txtmap = [:],Chrome 64.0.3282.186,,2018-03-05 16:40:42,2018-03-05 16:40:42,"0,000s",PASSED
Statement - signmap = [:],Chrome 64.0.3282.186,,2018-03-05 16:40:42,2018-03-05 16:40:42,"0,000s",PASSED
cupakeysDl.initStart.initialStart,Chrome 64.0.3282.186,,2018-03-05 16:40:42,2018-03-05 16:40:57,"15,150s",PASSED
Statement - (step++),Chrome 64.0.3282.186,,2018-03-05 16:40:57,2018-03-05 16:40:57,"0,000s",PASSED
cupakeysDl.color.changecolor,Chrome 64.0.3282.186,,2018-03-05 16:40:57,2018-03-05 16:41:02,"4,359s",PASSED
Statement - (step++),Chrome 64.0.3282.186,,2018-03-05 16:41:02,2018-03-05 16:41:02,"0,000s",PASSED
"Statement - iconmap += CustomKeywords.cupakeysDl.iconad.iconadd(""worldmap"", LoadTimeCorrector, step, run, device, timeStamp, iconcount)",Chrome 64.0.3282.186,,2018-03-05 16:41:02,2018-03-05 16:41:33,"31,621s",FAILED
,,,,,,
Test Cases/CuPaStefanie/42,Chrome 64.0.3282.186,,2018-03-05 16:41:33,2018-03-05 16:41:49,"15,521s",FAILED
Statement - timeStamp = new java.text.SimpleDateFormat(dd.MM.yyyy).format(java.util.Calendar.getInstance().getTime()),Chrome 64.0.3282.186,,2018-03-05 16:41:33,2018-03-05 16:41:33,"0,000s",PASSED
Statement - timeStampScreenshot = new java.text.SimpleDateFormat(dd.MM.yyyy).format(java.util.Calendar.getInstance().getTime()),Chrome 64.0.3282.186,,2018-03-05 16:41:33,2018-03-05 16:41:33,"0,000s",PASSED
Statement - iconmap = [:],Chrome 64.0.3282.186,,2018-03-05 16:41:33,2018-03-05 16:41:33,"0,000s",PASSED
Statement - txtmap = [:],Chrome 64.0.3282.186,,2018-03-05 16:41:33,2018-03-05 16:41:33,"0,000s",PASSED
Statement - signmap = [:],Chrome 64.0.3282.186,,2018-03-05 16:41:33,2018-03-05 16:41:33,"0,000s",PASSED
cupakeysDl.initStart.initialStart,Chrome 64.0.3282.186,,2018-03-05 16:41:33,2018-03-05 16:41:49,"15,267s",PASSED
Statement - (step++),Chrome 64.0.3282.186,,2018-03-05 16:41:49,2018-03-05 16:41:49,"0,000s",PASSED
cupakeysDl.color.changecolor,Chrome 64.0.3282.186,,2018-03-05 16:41:49,2018-03-05 16:41:49,"0,146s",FAILED
